cell,window_id,soh_state,cell_load_class,table_condition,gain_condition,current_gain_pct,start_row,max_rows,evaluation_start_sample,evaluation_samples,mae,rmse,p95_error
C09,C09_aged,aged,middle,nominal_lookup,gain_minus_3pct,-0.03,6252455,86400,2023,84377,0.07654712787164004,0.08203684096042031,0.12179747687892147
C09,C09_aged,aged,middle,nominal_lookup,gain_nominal,0.0,6252455,86400,2023,84377,0.06738950410093404,0.07212014679210166,0.10677522754041184
C09,C09_aged,aged,middle,nominal_lookup,gain_plus_3pct,0.03,6252455,86400,2023,84377,0.057514216203921144,0.06169712080716407,0.09243228826362594
C09,C09_aged,aged,middle,resistance_minus_10pct,gain_minus_3pct,-0.03,6252455,86400,2023,84377,0.07715768355122629,0.0828868473096793,0.12216544285763269
C09,C09_aged,aged,middle,resistance_minus_10pct,gain_nominal,0.0,6252455,86400,2023,84377,0.06753495405365156,0.07233785135433501,0.10724873051536281
C09,C09_aged,aged,middle,resistance_minus_10pct,gain_plus_3pct,0.03,6252455,86400,2023,84377,0.0577522993651589,0.06198319503938367,0.09299056720417291
C09,C09_aged,aged,middle,resistance_plus_10pct,gain_minus_3pct,-0.03,6252455,86400,2023,84377,0.0770840243537299,0.08256294766344169,0.12243138374092066
C09,C09_aged,aged,middle,resistance_plus_10pct,gain_nominal,0.0,6252455,86400,2023,84377,0.06752388615080998,0.07224323286582858,0.10683033282083428
C09,C09_aged,aged,middle,resistance_plus_10pct,gain_plus_3pct,0.03,6252455,86400,2023,84377,0.057255854538356604,0.06139500092980512,0.09184317626494412
C09,C09_aged,aged,middle,ocv_minus_10mV,gain_minus_3pct,-0.03,6252455,86400,2023,84377,0.07528832539038902,0.08080237869912521,0.12030858589296035
C09,C09_aged,aged,middle,ocv_minus_10mV,gain_nominal,0.0,6252455,86400,2023,84377,0.06615437758890487,0.07087404535596928,0.10515573350992159
C09,C09_aged,aged,middle,ocv_minus_10mV,gain_plus_3pct,0.03,6252455,86400,2023,84377,0.05622806767368494,0.06036055838449232,0.09045215711664237
C09,C09_aged,aged,middle,ocv_plus_10mV,gain_minus_3pct,-0.03,6252455,86400,2023,84377,0.07781973002509,0.08329223674740265,0.12330722129398343
C09,C09_aged,aged,middle,ocv_plus_10mV,gain_nominal,0.0,6252455,86400,2023,84377,0.06863518094652943,0.07338517503759186,0.10844629672235725
C09,C09_aged,aged,middle,ocv_plus_10mV,gain_plus_3pct,0.03,6252455,86400,2023,84377,0.05880432803459878,0.06304690010071726,0.09444662552805001
C09,C09_fresh,fresh,middle,nominal_lookup,gain_minus_3pct,-0.03,1690346,86400,2023,84377,0.006335307954076073,0.007945055347229713,0.014240798091233464
C09,C09_fresh,fresh,middle,nominal_lookup,gain_nominal,0.0,1690346,86400,2023,84377,0.005802190829040719,0.008518540941141746,0.021145808338924252
C09,C09_fresh,fresh,middle,nominal_lookup,gain_plus_3pct,0.03,1690346,86400,2023,84377,0.007488729041740333,0.012368629176563142,0.03464545511905481
C09,C09_fresh,fresh,middle,resistance_minus_10pct,gain_minus_3pct,-0.03,1690346,86400,2023,84377,0.006220482760039691,0.007861716629428245,0.01419174982057999
C09,C09_fresh,fresh,middle,resistance_minus_10pct,gain_nominal,0.0,1690346,86400,2023,84377,0.005435771183454903,0.008505168682164506,0.021608585150239952
C09,C09_fresh,fresh,middle,resistance_minus_10pct,gain_plus_3pct,0.03,1690346,86400,2023,84377,0.008257582784345794,0.012907902719112435,0.035773530026785065
C09,C09_fresh,fresh,middle,resistance_plus_10pct,gain_minus_3pct,-0.03,1690346,86400,2023,84377,0.0064714129069188735,0.008083862901511649,0.014328038017675924
C09,C09_fresh,fresh,middle,resistance_plus_10pct,gain_nominal,0.0,1690346,86400,2023,84377,0.006479720104724884,0.008753550980021896,0.02048450841343738
C09,C09_fresh,fresh,middle,resistance_plus_10pct,gain_plus_3pct,0.03,1690346,86400,2023,84377,0.006802186644626758,0.011938587029257607,0.03317931217401585
C09,C09_fresh,fresh,middle,ocv_minus_10mV,gain_minus_3pct,-0.03,1690346,86400,2023,84377,0.005655461827972813,0.007075636745984792,0.011874728285094924
C09,C09_fresh,fresh,middle,ocv_minus_10mV,gain_nominal,0.0,1690346,86400,2023,84377,0.006518297967432639,0.008902913124179191,0.02155109138561448
C09,C09_fresh,fresh,middle,ocv_minus_10mV,gain_plus_3pct,0.03,1690346,86400,2023,84377,0.0068536863714714165,0.01218432479831366,0.03427003527674749
C09,C09_fresh,fresh,middle,ocv_plus_10mV,gain_minus_3pct,-0.03,1690346,86400,2023,84377,0.007501512271123793,0.009242788813193493,0.01682302505559965
C09,C09_fresh,fresh,middle,ocv_plus_10mV,gain_nominal,0.0,1690346,86400,2023,84377,0.005509759969159827,0.008305253742360729,0.02063946634827098
C09,C09_fresh,fresh,middle,ocv_plus_10mV,gain_plus_3pct,0.03,1690346,86400,2023,84377,0.008167118151391503,0.012642544364053916,0.03472567390391209
C09,C09_mid_life,mid_life,middle,nominal_lookup,gain_minus_3pct,-0.03,4256212,86400,2023,84377,0.03103140862441564,0.03655480921301191,0.0654714686995079
C09,C09_mid_life,mid_life,middle,nominal_lookup,gain_nominal,0.0,4256212,86400,2023,84377,0.02057060403541189,0.02481491872377157,0.04529037943748948
C09,C09_mid_life,mid_life,middle,nominal_lookup,gain_plus_3pct,0.03,4256212,86400,2023,84377,0.012120726443182033,0.015457384181574472,0.03365121949458285
C09,C09_mid_life,mid_life,middle,resistance_minus_10pct,gain_minus_3pct,-0.03,4256212,86400,2023,84377,0.030205895150310767,0.03594938120078197,0.06525299410322956
C09,C09_mid_life,mid_life,middle,resistance_minus_10pct,gain_nominal,0.0,4256212,86400,2023,84377,0.020503771662302172,0.024909305803513294,0.045061480825354994
C09,C09_mid_life,mid_life,middle,resistance_minus_10pct,gain_plus_3pct,0.03,4256212,86400,2023,84377,0.012893972030417776,0.016597246501295425,0.03450105179531258
C09,C09_mid_life,mid_life,middle,resistance_plus_10pct,gain_minus_3pct,-0.03,4256212,86400,2023,84377,0.031893294813520975,0.03723568702557628,0.06569431698009512
C09,C09_mid_life,mid_life,middle,resistance_plus_10pct,gain_nominal,0.0,4256212,86400,2023,84377,0.020923079527488807,0.025016064237213458,0.04554179665805911
C09,C09_mid_life,mid_life,middle,resistance_plus_10pct,gain_plus_3pct,0.03,4256212,86400,2023,84377,0.01201453602337962,0.01488300118187717,0.03082766477489829
C09,C09_mid_life,mid_life,middle,ocv_minus_10mV,gain_minus_3pct,-0.03,4256212,86400,2023,84377,0.030782318269895817,0.03623588985856791,0.06467630283461882
C09,C09_mid_life,mid_life,middle,ocv_minus_10mV,gain_nominal,0.0,4256212,86400,2023,84377,0.01949346133292924,0.02394666043883008,0.044631340325893866
C09,C09_mid_life,mid_life,middle,ocv_minus_10mV,gain_plus_3pct,0.03,4256212,86400,2023,84377,0.010721233925771704,0.01351151859783338,0.0245418520158156
C09,C09_mid_life,mid_life,middle,ocv_plus_10mV,gain_minus_3pct,-0.03,4256212,86400,2023,84377,0.03190525691513163,0.037271939099866064,0.06650737062386139
C09,C09_mid_life,mid_life,middle,ocv_plus_10mV,gain_nominal,0.0,4256212,86400,2023,84377,0.021964972861606993,0.02623693721415544,0.04600472633205703
C09,C09_mid_life,mid_life,middle,ocv_plus_10mV,gain_plus_3pct,0.03,4256212,86400,2023,84377,0.013761807582472899,0.018061316637882515,0.03773496364238798
C13,C13_aged,aged,middle,nominal_lookup,gain_minus_3pct,-0.03,3255078,86400,2023,84377,0.06504976171265345,0.08014071114945945,0.14037495556587504
C13,C13_aged,aged,middle,nominal_lookup,gain_nominal,0.0,3255078,86400,2023,84377,0.055936188226305715,0.0701331323091021,0.12374308557799336
C13,C13_aged,aged,middle,nominal_lookup,gain_plus_3pct,0.03,3255078,86400,2023,84377,0.047124983277718864,0.05862069095800767,0.1072653959817566
C13,C13_aged,aged,middle,resistance_minus_10pct,gain_minus_3pct,-0.03,3255078,86400,2023,84377,0.0647964953850233,0.08054894615372778,0.14017841461317918
C13,C13_aged,aged,middle,resistance_minus_10pct,gain_nominal,0.0,3255078,86400,2023,84377,0.055714775625472744,0.07067958351422741,0.12346041298402816
C13,C13_aged,aged,middle,resistance_minus_10pct,gain_plus_3pct,0.03,3255078,86400,2023,84377,0.04780167557530883,0.06222087046016154,0.10708877450228095
C13,C13_aged,aged,middle,resistance_plus_10pct,gain_minus_3pct,-0.03,3255078,86400,2023,84377,0.0638692206178311,0.07691948288655327,0.13787371448328087
C13,C13_aged,aged,middle,resistance_plus_10pct,gain_nominal,0.0,3255078,86400,2023,84377,0.054424376010699334,0.06618145878434231,0.12140207082315364
C13,C13_aged,aged,middle,resistance_plus_10pct,gain_plus_3pct,0.03,3255078,86400,2023,84377,0.04629337608745692,0.05651988920539757,0.10538732095387694
C13,C13_aged,aged,middle,ocv_minus_10mV,gain_minus_3pct,-0.03,3255078,86400,2023,84377,0.06282883704039696,0.07747215733843872,0.13901822204644296
C13,C13_aged,aged,middle,ocv_minus_10mV,gain_nominal,0.0,3255078,86400,2023,84377,0.054131735113307544,0.06711763676891641,0.1225437599785893
C13,C13_aged,aged,middle,ocv_minus_10mV,gain_plus_3pct,0.03,3255078,86400,2023,84377,0.04564941153153258,0.05615290936884588,0.10541294647392932
C13,C13_aged,aged,middle,ocv_plus_10mV,gain_minus_3pct,-0.03,3255078,86400,2023,84377,0.06816053457694247,0.0836402639221509,0.14193776134878747
C13,C13_aged,aged,middle,ocv_plus_10mV,gain_nominal,0.0,3255078,86400,2023,84377,0.05781706487597972,0.07253004775443522,0.12502344611455457
C13,C13_aged,aged,middle,ocv_plus_10mV,gain_plus_3pct,0.03,3255078,86400,2023,84377,0.04915809116931713,0.06309492271683347,0.10847470153546158
C13,C13_fresh,fresh,middle,nominal_lookup,gain_minus_3pct,-0.03,943790,86400,2023,84377,0.005627161810105989,0.008084842937702487,0.018541120472504485
C13,C13_fresh,fresh,middle,nominal_lookup,gain_nominal,0.0,943790,86400,2023,84377,0.007903246311262942,0.011841736401757069,0.030173487498684474
C13,C13_fresh,fresh,middle,nominal_lookup,gain_plus_3pct,0.03,943790,86400,2023,84377,0.01222246964613903,0.017157118002102976,0.04002618817292047
C13,C13_fresh,fresh,middle,resistance_minus_10pct,gain_minus_3pct,-0.03,943790,86400,2023,84377,0.00565588100555558,0.008109996342312678,0.01868866064998198
C13,C13_fresh,fresh,middle,resistance_minus_10pct,gain_nominal,0.0,943790,86400,2023,84377,0.008592468747640972,0.012305903810713873,0.03135637486002316
C13,C13_fresh,fresh,middle,resistance_minus_10pct,gain_plus_3pct,0.03,943790,86400,2023,84377,0.01352715184652561,0.01825577764152488,0.041152821714612264
C13,C13_fresh,fresh,middle,resistance_plus_10pct,gain_minus_3pct,-0.03,943790,86400,2023,84377,0.006121806590315453,0.008433773533446822,0.01821281540494133
C13,C13_fresh,fresh,middle,resistance_plus_10pct,gain_nominal,0.0,943790,86400,2023,84377,0.007628770941332438,0.011782110488276742,0.02861599679321886
C13,C13_fresh,fresh,middle,resistance_plus_10pct,gain_plus_3pct,0.03,943790,86400,2023,84377,0.010883167743671271,0.01607994230288645,0.0389134377196206
C13,C13_fresh,fresh,middle,ocv_minus_10mV,gain_minus_3pct,-0.03,943790,86400,2023,84377,0.005679077480736772,0.008169704833742722,0.018528379186389318
C13,C13_fresh,fresh,middle,ocv_minus_10mV,gain_nominal,0.0,943790,86400,2023,84377,0.007364851749768403,0.011558389536991964,0.029538246928701887
C13,C13_fresh,fresh,middle,ocv_minus_10mV,gain_plus_3pct,0.03,943790,86400,2023,84377,0.011602991127161153,0.016678923058668815,0.03972837806526828
C13,C13_fresh,fresh,middle,ocv_plus_10mV,gain_minus_3pct,-0.03,943790,86400,2023,84377,0.006010470283317453,0.008232271873785047,0.01834105986042207
C13,C13_fresh,fresh,middle,ocv_plus_10mV,gain_nominal,0.0,943790,86400,2023,84377,0.008498329793741061,0.012208894756028195,0.0306162398293258
C13,C13_fresh,fresh,middle,ocv_plus_10mV,gain_plus_3pct,0.03,943790,86400,2023,84377,0.012868536900183119,0.017680120445102723,0.04031981003564068
C13,C13_mid_life,mid_life,middle,nominal_lookup,gain_minus_3pct,-0.03,2475157,86400,2023,84377,0.03773232020692567,0.04050930032492981,0.060834584520323996
C13,C13_mid_life,mid_life,middle,nominal_lookup,gain_nominal,0.0,2475157,86400,2023,84377,0.022918310937209602,0.025284075328926615,0.039727435556613844
C13,C13_mid_life,mid_life,middle,nominal_lookup,gain_plus_3pct,0.03,2475157,86400,2023,84377,0.00698737353617536,0.00941763939170127,0.016197610715015597
C13,C13_mid_life,mid_life,middle,resistance_minus_10pct,gain_minus_3pct,-0.03,2475157,86400,2023,84377,0.04009910123346352,0.04285263062999548,0.06385355382496462
C13,C13_mid_life,mid_life,middle,resistance_minus_10pct,gain_nominal,0.0,2475157,86400,2023,84377,0.023771379396405844,0.026167549143414806,0.041260281404495155
C13,C13_mid_life,mid_life,middle,resistance_minus_10pct,gain_plus_3pct,0.03,2475157,86400,2023,84377,0.00745073662607272,0.010018421627872977,0.017628148706361934
C13,C13_mid_life,mid_life,middle,resistance_plus_10pct,gain_minus_3pct,-0.03,2475157,86400,2023,84377,0.035846265378739146,0.03871376000646567,0.058682475514085806
C13,C13_mid_life,mid_life,middle,resistance_plus_10pct,gain_nominal,0.0,2475157,86400,2023,84377,0.021563775299601698,0.024014107812166025,0.03799927412321735
C13,C13_mid_life,mid_life,middle,resistance_plus_10pct,gain_plus_3pct,0.03,2475157,86400,2023,84377,0.006729497341844113,0.009030766381914985,0.015101971907780818
C13,C13_mid_life,mid_life,middle,ocv_minus_10mV,gain_minus_3pct,-0.03,2475157,86400,2023,84377,0.036587416717621106,0.039402673097353735,0.05947694648251434
C13,C13_mid_life,mid_life,middle,ocv_minus_10mV,gain_nominal,0.0,2475157,86400,2023,84377,0.022268630943213172,0.02465941814079069,0.03881396606750482
C13,C13_mid_life,mid_life,middle,ocv_minus_10mV,gain_plus_3pct,0.03,2475157,86400,2023,84377,0.006617448433123761,0.008939112710352873,0.01500161282182404
C13,C13_mid_life,mid_life,middle,ocv_plus_10mV,gain_minus_3pct,-0.03,2475157,86400,2023,84377,0.03888538729191555,0.04164098671075601,0.062267876493606364
C13,C13_mid_life,mid_life,middle,ocv_plus_10mV,gain_nominal,0.0,2475157,86400,2023,84377,0.023670293721503567,0.026021499576183865,0.04083196109151384
C13,C13_mid_life,mid_life,middle,ocv_plus_10mV,gain_plus_3pct,0.03,2475157,86400,2023,84377,0.007460577935572978,0.009993749323910485,0.01748015448076949
C15,C15_aged,aged,high,nominal_lookup,gain_minus_3pct,-0.03,4154449,86400,2023,84377,0.11338406211351759,0.12251615950256133,0.18646170358070466
C15,C15_aged,aged,high,nominal_lookup,gain_nominal,0.0,4154449,86400,2023,84377,0.10372215127914054,0.11250660398519806,0.17202861814914813
C15,C15_aged,aged,high,nominal_lookup,gain_plus_3pct,0.03,4154449,86400,2023,84377,0.09344892970757415,0.1021769409928342,0.15777779012915738
C15,C15_aged,aged,high,resistance_minus_10pct,gain_minus_3pct,-0.03,4154449,86400,2023,84377,0.11472270775450948,0.1237341702871877,0.18667196914063092
C15,C15_aged,aged,high,resistance_minus_10pct,gain_nominal,0.0,4154449,86400,2023,84377,0.10325093638150101,0.11229697963721155,0.17161929177906998
C15,C15_aged,aged,high,resistance_minus_10pct,gain_plus_3pct,0.03,4154449,86400,2023,84377,0.09325764386602606,0.10197824659655984,0.15728856513560124
C15,C15_aged,aged,high,resistance_plus_10pct,gain_minus_3pct,-0.03,4154449,86400,2023,84377,0.11349257660529563,0.12266850560487683,0.18687623780235027
C15,C15_aged,aged,high,resistance_plus_10pct,gain_nominal,0.0,4154449,86400,2023,84377,0.10384848456134722,0.11267955352492681,0.1725245232720926
C15,C15_aged,aged,high,resistance_plus_10pct,gain_plus_3pct,0.03,4154449,86400,2023,84377,0.09354949722236156,0.10233073129259768,0.1582865589246708
C15,C15_aged,aged,high,ocv_minus_10mV,gain_minus_3pct,-0.03,4154449,86400,2023,84377,0.11279342245010654,0.12196664876784673,0.18601864011813712
C15,C15_aged,aged,high,ocv_minus_10mV,gain_nominal,0.0,4154449,86400,2023,84377,0.10298448513549992,0.11183217232174925,0.17160483667361034
C15,C15_aged,aged,high,ocv_minus_10mV,gain_plus_3pct,0.03,4154449,86400,2023,84377,0.09240255627350448,0.10123499968193471,0.1572336927274539
C15,C15_aged,aged,high,ocv_plus_10mV,gain_minus_3pct,-0.03,4154449,86400,2023,84377,0.1139336063504224,0.12302798628754168,0.18689391857745355
C15,C15_aged,aged,high,ocv_plus_10mV,gain_nominal,0.0,4154449,86400,2023,84377,0.10440237849758288,0.11313077886222034,0.1724969719535365
C15,C15_aged,aged,high,ocv_plus_10mV,gain_plus_3pct,0.03,4154449,86400,2023,84377,0.09438113772186828,0.10301438000033962,0.15822784495137368
C15,C15_fresh,fresh,high,nominal_lookup,gain_minus_3pct,-0.03,1071509,86400,2023,84377,0.006180178726183161,0.007724898451060164,0.014443529661172126
C15,C15_fresh,fresh,high,nominal_lookup,gain_nominal,0.0,1071509,86400,2023,84377,0.021407083998691852,0.021619803486075187,0.02516971411390867
C15,C15_fresh,fresh,high,nominal_lookup,gain_plus_3pct,0.03,1071509,86400,2023,84377,0.031155761183886608,0.03220137116985044,0.04551124297919142
C15,C15_fresh,fresh,high,resistance_minus_10pct,gain_minus_3pct,-0.03,1071509,86400,2023,84377,0.006182389969817676,0.007752773931219308,0.014436116207955216
C15,C15_fresh,fresh,high,resistance_minus_10pct,gain_nominal,0.0,1071509,86400,2023,84377,0.02038536373491143,0.020732839370612658,0.0255110162062342
C15,C15_fresh,fresh,high,resistance_minus_10pct,gain_plus_3pct,0.03,1071509,86400,2023,84377,0.02927463998044076,0.0305977710734725,0.04539581713885008
C15,C15_fresh,fresh,high,resistance_plus_10pct,gain_minus_3pct,-0.03,1071509,86400,2023,84377,0.006296259651510811,0.007816636201833383,0.014523387776742957
C15,C15_fresh,fresh,high,resistance_plus_10pct,gain_nominal,0.0,1071509,86400,2023,84377,0.022570646687704424,0.022704008685927035,0.024838844910487223
C15,C15_fresh,fresh,high,resistance_plus_10pct,gain_plus_3pct,0.03,1071509,86400,2023,84377,0.033511154136419266,0.03430604065625133,0.04604254921122439
C15,C15_fresh,fresh,high,ocv_minus_10mV,gain_minus_3pct,-0.03,1071509,86400,2023,84377,0.006559090475800448,0.008178948396287947,0.015071268027056472
C15,C15_fresh,fresh,high,ocv_minus_10mV,gain_nominal,0.0,1071509,86400,2023,84377,0.02281287663981673,0.022943565143673315,0.025367086748042757
C15,C15_fresh,fresh,high,ocv_minus_10mV,gain_plus_3pct,0.03,1071509,86400,2023,84377,0.03198136111956694,0.032916412177828626,0.045697264838516764
C15,C15_fresh,fresh,high,ocv_plus_10mV,gain_minus_3pct,-0.03,1071509,86400,2023,84377,0.006146000127283587,0.007706020475840473,0.014292254029856077
C15,C15_fresh,fresh,high,ocv_plus_10mV,gain_nominal,0.0,1071509,86400,2023,84377,0.01998337977348924,0.020347018708429733,0.024972084631126545
C15,C15_fresh,fresh,high,ocv_plus_10mV,gain_plus_3pct,0.03,1071509,86400,2023,84377,0.030289896284808913,0.03147550234183513,0.04536306802896834
C15,C15_mid_life,mid_life,high,nominal_lookup,gain_minus_3pct,-0.03,2623747,86400,2023,84377,0.04678429681847882,0.056102833977013884,0.10719785666996004
C15,C15_mid_life,mid_life,high,nominal_lookup,gain_nominal,0.0,2623747,86400,2023,84377,0.03311583357972383,0.04243384240694712,0.0889892155175474
C15,C15_mid_life,mid_life,high,nominal_lookup,gain_plus_3pct,0.03,2623747,86400,2023,84377,0.020464117880266378,0.030097247071161768,0.07155546925376738
C15,C15_mid_life,mid_life,high,resistance_minus_10pct,gain_minus_3pct,-0.03,2623747,86400,2023,84377,0.047425862933063126,0.05669749189307726,0.1075108591578172
C15,C15_mid_life,mid_life,high,resistance_minus_10pct,gain_nominal,0.0,2623747,86400,2023,84377,0.03459696546500297,0.04382845245221592,0.08976423731888221
C15,C15_mid_life,mid_life,high,resistance_minus_10pct,gain_plus_3pct,0.03,2623747,86400,2023,84377,0.02002373171122328,0.029690225951528426,0.07100291513613236
C15,C15_mid_life,mid_life,high,resistance_plus_10pct,gain_minus_3pct,-0.03,2623747,86400,2023,84377,0.046122125033309494,0.055472347142647004,0.10652426812147452
C15,C15_mid_life,mid_life,high,resistance_plus_10pct,gain_nominal,0.0,2623747,86400,2023,84377,0.032219358068681606,0.0414943204007311,0.08784513971701724
C15,C15_mid_life,mid_life,high,resistance_plus_10pct,gain_plus_3pct,0.03,2623747,86400,2023,84377,0.02076010941299626,0.030326637538177322,0.07188120852541689
C15,C15_mid_life,mid_life,high,ocv_minus_10mV,gain_minus_3pct,-0.03,2623747,86400,2023,84377,0.04404747162577484,0.05339982400017736,0.1041170060094681
C15,C15_mid_life,mid_life,high,ocv_minus_10mV,gain_nominal,0.0,2623747,86400,2023,84377,0.029763462264568462,0.038749348864458966,0.08460659862441869
C15,C15_mid_life,mid_life,high,ocv_minus_10mV,gain_plus_3pct,0.03,2623747,86400,2023,84377,0.017507810147165192,0.026136748915339836,0.06630310284443341
C15,C15_mid_life,mid_life,high,ocv_plus_10mV,gain_minus_3pct,-0.03,2623747,86400,2023,84377,0.049167109467160616,0.05838140277316192,0.108997225571679
C15,C15_mid_life,mid_life,high,ocv_plus_10mV,gain_nominal,0.0,2623747,86400,2023,84377,0.035922845793977407,0.0452555909771654,0.09126318758968685
C15,C15_mid_life,mid_life,high,ocv_plus_10mV,gain_plus_3pct,0.03,2623747,86400,2023,84377,0.022878159283812097,0.03295862173379157,0.07431556698840781
C25,C25_aged,aged,low,nominal_lookup,gain_minus_3pct,-0.03,9060003,86400,2023,84377,0.09252152495004955,0.10640378115242895,0.17293395223285415
C25,C25_aged,aged,low,nominal_lookup,gain_nominal,0.0,9060003,86400,2023,84377,0.07933628992274085,0.09227162291010337,0.15190984633600765
C25,C25_aged,aged,low,nominal_lookup,gain_plus_3pct,0.03,9060003,86400,2023,84377,0.07161695240398736,0.08321884624725995,0.13671195351412643
C25,C25_aged,aged,low,resistance_minus_10pct,gain_minus_3pct,-0.03,9060003,86400,2023,84377,0.09401640546808882,0.10782609742204105,0.17418946353169734
C25,C25_aged,aged,low,resistance_minus_10pct,gain_nominal,0.0,9060003,86400,2023,84377,0.07988603320255877,0.09276007199947733,0.15224860542864724
C25,C25_aged,aged,low,resistance_minus_10pct,gain_plus_3pct,0.03,9060003,86400,2023,84377,0.07256225994266921,0.08409642322593401,0.13770934768942497
C25,C25_aged,aged,low,resistance_plus_10pct,gain_minus_3pct,-0.03,9060003,86400,2023,84377,0.0915268188300455,0.10547043806205385,0.1718626135850915
C25,C25_aged,aged,low,resistance_plus_10pct,gain_nominal,0.0,9060003,86400,2023,84377,0.07923649525919894,0.09220183598211071,0.15185879542064398
C25,C25_aged,aged,low,resistance_plus_10pct,gain_plus_3pct,0.03,9060003,86400,2023,84377,0.07082169978310111,0.08249668182511595,0.13595609837699907
C25,C25_aged,aged,low,ocv_minus_10mV,gain_minus_3pct,-0.03,9060003,86400,2023,84377,0.08664603687251066,0.1009691339612585,0.16687256027729028
C25,C25_aged,aged,low,ocv_minus_10mV,gain_nominal,0.0,9060003,86400,2023,84377,0.07453310752584798,0.08785016804198692,0.1469276624182497
C25,C25_aged,aged,low,ocv_minus_10mV,gain_plus_3pct,0.03,9060003,86400,2023,84377,0.0676944636948125,0.07956800810344462,0.1325174893251513
C25,C25_aged,aged,low,ocv_plus_10mV,gain_minus_3pct,-0.03,9060003,86400,2023,84377,0.09743513163499824,0.11104386626786523,0.17888394604978142
C25,C25_aged,aged,low,ocv_plus_10mV,gain_nominal,0.0,9060003,86400,2023,84377,0.08443116165521687,0.09707929269753732,0.15767847570055613
C25,C25_aged,aged,low,ocv_plus_10mV,gain_plus_3pct,0.03,9060003,86400,2023,84377,0.0757212979965719,0.08713795418141507,0.14219307418047475
C25,C25_fresh,fresh,low,nominal_lookup,gain_minus_3pct,-0.03,1060045,86400,2023,84377,0.005880694943018276,0.007287264774468615,0.013204626738269965
C25,C25_fresh,fresh,low,nominal_lookup,gain_nominal,0.0,1060045,86400,2023,84377,0.008287661371239865,0.01080676681692792,0.02283406925684117
C25,C25_fresh,fresh,low,nominal_lookup,gain_plus_3pct,0.03,1060045,86400,2023,84377,0.00996178318674343,0.013384985915374393,0.028347225883053405
C25,C25_fresh,fresh,low,resistance_minus_10pct,gain_minus_3pct,-0.03,1060045,86400,2023,84377,0.00599322300225435,0.007470775716285197,0.013752682491400313
C25,C25_fresh,fresh,low,resistance_minus_10pct,gain_nominal,0.0,1060045,86400,2023,84377,0.008288572885094433,0.010676209752561823,0.022175629856236556
C25,C25_fresh,fresh,low,resistance_minus_10pct,gain_plus_3pct,0.03,1060045,86400,2023,84377,0.01124721351010377,0.014507470492986778,0.029788437896645068
C25,C25_fresh,fresh,low,resistance_plus_10pct,gain_minus_3pct,-0.03,1060045,86400,2023,84377,0.005757227078994866,0.007096554160083737,0.01268419249880679
C25,C25_fresh,fresh,low,resistance_plus_10pct,gain_nominal,0.0,1060045,86400,2023,84377,0.009317268588790282,0.011687204890735494,0.023558690070039943
C25,C25_fresh,fresh,low,resistance_plus_10pct,gain_plus_3pct,0.03,1060045,86400,2023,84377,0.009216373238414271,0.012782274725779643,0.02684049958667476
C25,C25_fresh,fresh,low,ocv_minus_10mV,gain_minus_3pct,-0.03,1060045,86400,2023,84377,0.005592091465642585,0.006924890485748217,0.012253320805543042
C25,C25_fresh,fresh,low,ocv_minus_10mV,gain_nominal,0.0,1060045,86400,2023,84377,0.008012574656251248,0.010646484822658493,0.02300537106133502
C25,C25_fresh,fresh,low,ocv_minus_10mV,gain_plus_3pct,0.03,1060045,86400,2023,84377,0.009522338541845261,0.012988830526012385,0.02801465009674491
C25,C25_fresh,fresh,low,ocv_plus_10mV,gain_minus_3pct,-0.03,1060045,86400,2023,84377,0.006512578782784903,0.008129115905008168,0.015264975410144262
C25,C25_fresh,fresh,low,ocv_plus_10mV,gain_nominal,0.0,1060045,86400,2023,84377,0.00877691053450623,0.011274204917798101,0.022694854211427362
C25,C25_fresh,fresh,low,ocv_plus_10mV,gain_plus_3pct,0.03,1060045,86400,2023,84377,0.010566277348758486,0.013984472231567154,0.029180988868781624
C25,C25_mid_life,mid_life,low,nominal_lookup,gain_minus_3pct,-0.03,6161570,86400,2023,84377,0.06341701713896183,0.06948273142296385,0.10706040941846852
C25,C25_mid_life,mid_life,low,nominal_lookup,gain_nominal,0.0,6161570,86400,2023,84377,0.0495356791547768,0.05477157510282313,0.08584766270657153
C25,C25_mid_life,mid_life,low,nominal_lookup,gain_plus_3pct,0.03,6161570,86400,2023,84377,0.03674459306634734,0.041117727702194705,0.06601845833054665
C25,C25_mid_life,mid_life,low,resistance_minus_10pct,gain_minus_3pct,-0.03,6161570,86400,2023,84377,0.06435207080600298,0.07037752657176215,0.10841233189677946
C25,C25_mid_life,mid_life,low,resistance_minus_10pct,gain_nominal,0.0,6161570,86400,2023,84377,0.0507153370907182,0.05586250147019009,0.08729519726238724
C25,C25_mid_life,mid_life,low,resistance_minus_10pct,gain_plus_3pct,0.03,6161570,86400,2023,84377,0.036349672032579154,0.040771618190328145,0.06582712239281073
C25,C25_mid_life,mid_life,low,resistance_plus_10pct,gain_minus_3pct,-0.03,6161570,86400,2023,84377,0.06253469325704777,0.06865132178136824,0.1058741683219054
C25,C25_mid_life,mid_life,low,resistance_plus_10pct,gain_nominal,0.0,6161570,86400,2023,84377,0.048910998103785276,0.05420073834475436,0.08499133854838758
C25,C25_mid_life,mid_life,low,resistance_plus_10pct,gain_plus_3pct,0.03,6161570,86400,2023,84377,0.03699157574223297,0.04133813593575677,0.0660655363881756
C25,C25_mid_life,mid_life,low,ocv_minus_10mV,gain_minus_3pct,-0.03,6161570,86400,2023,84377,0.06118434405721349,0.06735739839830791,0.10430491570686913
C25,C25_mid_life,mid_life,low,ocv_minus_10mV,gain_nominal,0.0,6161570,86400,2023,84377,0.047555944178126135,0.05290008270757396,0.08331334952177123
C25,C25_mid_life,mid_life,low,ocv_minus_10mV,gain_plus_3pct,0.03,6161570,86400,2023,84377,0.035311608596958255,0.03974075708308879,0.06390916190519891
C25,C25_mid_life,mid_life,low,ocv_plus_10mV,gain_minus_3pct,-0.03,6161570,86400,2023,84377,0.0656927864185165,0.07169516653802793,0.11018704603472985
C25,C25_mid_life,mid_life,low,ocv_plus_10mV,gain_nominal,0.0,6161570,86400,2023,84377,0.051604521636916034,0.056765406772863194,0.08868878945481934
C25,C25_mid_life,mid_life,low,ocv_plus_10mV,gain_plus_3pct,0.03,6161570,86400,2023,84377,0.03820491406811459,0.042558470749424884,0.06832443942534332
C27,C27_fresh,fresh,low,nominal_lookup,gain_minus_3pct,-0.03,5427475,86400,2023,84377,0.015011566424064116,0.017323469482387006,0.029914137870597733
C27,C27_fresh,fresh,low,nominal_lookup,gain_nominal,0.0,5427475,86400,2023,84377,0.017712234309502025,0.018939666192567,0.026937474304024423
C27,C27_fresh,fresh,low,nominal_lookup,gain_plus_3pct,0.03,5427475,86400,2023,84377,0.02141190429642632,0.022133171062408728,0.029012403804570087
C27,C27_fresh,fresh,low,resistance_minus_10pct,gain_minus_3pct,-0.03,5427475,86400,2023,84377,0.02047703817541134,0.022578518203739014,0.03576340966397844
C27,C27_fresh,fresh,low,resistance_minus_10pct,gain_nominal,0.0,5427475,86400,2023,84377,0.0241238636319358,0.024967912102769472,0.03303190312232167
C27,C27_fresh,fresh,low,resistance_minus_10pct,gain_plus_3pct,0.03,5427475,86400,2023,84377,0.02782500906385239,0.028437524879586375,0.03626158160455664
C27,C27_fresh,fresh,low,resistance_plus_10pct,gain_minus_3pct,-0.03,5427475,86400,2023,84377,0.010406181533757856,0.012562060939902794,0.02315307147727583
C27,C27_fresh,fresh,low,resistance_plus_10pct,gain_nominal,0.0,5427475,86400,2023,84377,0.01186043048660362,0.013017282150875857,0.01976691819629317
C27,C27_fresh,fresh,low,resistance_plus_10pct,gain_plus_3pct,0.03,5427475,86400,2023,84377,0.01643940931806765,0.017391662750098603,0.024014716109380805
C27,C27_fresh,fresh,low,ocv_minus_10mV,gain_minus_3pct,-0.03,5427475,86400,2023,84377,0.006796757075392076,0.008235941117013541,0.015432151936864112
C27,C27_fresh,fresh,low,ocv_minus_10mV,gain_nominal,0.0,5427475,86400,2023,84377,0.009544102049043175,0.010322010560940446,0.01525661417515194
C27,C27_fresh,fresh,low,ocv_minus_10mV,gain_plus_3pct,0.03,5427475,86400,2023,84377,0.015631791961759563,0.01623419142777656,0.021840907994073632
C27,C27_fresh,fresh,low,ocv_plus_10mV,gain_minus_3pct,-0.03,5427475,86400,2023,84377,0.030351697885889695,0.03384617378409583,0.05309953019121085
C27,C27_fresh,fresh,low,ocv_plus_10mV,gain_nominal,0.0,5427475,86400,2023,84377,0.032613545909159276,0.035058635820979796,0.049427705337761974
C27,C27_fresh,fresh,low,ocv_plus_10mV,gain_plus_3pct,0.03,5427475,86400,2023,84377,0.03386195476370091,0.035457795132541235,0.04780986928020745
C29,C29_aged,aged,high,nominal_lookup,gain_minus_3pct,-0.03,3626725,86400,2023,84377,0.0531846935636639,0.06080710307815371,0.09942879612824636
C29,C29_aged,aged,high,nominal_lookup,gain_nominal,0.0,3626725,86400,2023,84377,0.044501364789563125,0.051227129725488124,0.08462586693825835
C29,C29_aged,aged,high,nominal_lookup,gain_plus_3pct,0.03,3626725,86400,2023,84377,0.03646056127488275,0.04241759915183827,0.07234490788526357
C29,C29_aged,aged,high,resistance_minus_10pct,gain_minus_3pct,-0.03,3626725,86400,2023,84377,0.05178355721916638,0.0595349372154406,0.09783171329505938
C29,C29_aged,aged,high,resistance_minus_10pct,gain_nominal,0.0,3626725,86400,2023,84377,0.0436375379441135,0.05043543103568464,0.08376257755424185
C29,C29_aged,aged,high,resistance_minus_10pct,gain_plus_3pct,0.03,3626725,86400,2023,84377,0.0362723458840791,0.042262270076577166,0.07217011414583963
C29,C29_aged,aged,high,resistance_plus_10pct,gain_minus_3pct,-0.03,3626725,86400,2023,84377,0.05469051731257677,0.062204054354729824,0.10117263551970854
C29,C29_aged,aged,high,resistance_plus_10pct,gain_nominal,0.0,3626725,86400,2023,84377,0.04544016898996565,0.05210306456958199,0.08584430541626854
C29,C29_aged,aged,high,resistance_plus_10pct,gain_plus_3pct,0.03,3626725,86400,2023,84377,0.03667765301674956,0.04260151469903904,0.07251967027979309
C29,C29_aged,aged,high,ocv_minus_10mV,gain_minus_3pct,-0.03,3626725,86400,2023,84377,0.05150745380293637,0.059286529185298746,0.09747769748672545
C29,C29_aged,aged,high,ocv_minus_10mV,gain_nominal,0.0,3626725,86400,2023,84377,0.04294232787897897,0.04977414918820138,0.08259875330453227
C29,C29_aged,aged,high,ocv_minus_10mV,gain_plus_3pct,0.03,3626725,86400,2023,84377,0.03493869213053956,0.040929635331705023,0.06995534745580886
C29,C29_aged,aged,high,ocv_plus_10mV,gain_minus_3pct,-0.03,3626725,86400,2023,84377,0.054959954601617615,0.06244894711798611,0.10155238202713036
C29,C29_aged,aged,high,ocv_plus_10mV,gain_nominal,0.0,3626725,86400,2023,84377,0.04612100303053434,0.05276540171898106,0.08682703760199725
C29,C29_aged,aged,high,ocv_plus_10mV,gain_plus_3pct,0.03,3626725,86400,2023,84377,0.038034595611900694,0.04398263293362648,0.07487525285471387
C29,C29_fresh,fresh,high,nominal_lookup,gain_minus_3pct,-0.03,917433,86400,2023,84377,0.005805073558125522,0.007907537925488706,0.017034034267866448
C29,C29_fresh,fresh,high,nominal_lookup,gain_nominal,0.0,917433,86400,2023,84377,0.00788780106164307,0.011470124001116737,0.029930190662807513
C29,C29_fresh,fresh,high,nominal_lookup,gain_plus_3pct,0.03,917433,86400,2023,84377,0.013038654793752526,0.017655821862382026,0.041386447475857395
C29,C29_fresh,fresh,high,resistance_minus_10pct,gain_minus_3pct,-0.03,917433,86400,2023,84377,0.005706428043888124,0.007873721912109635,0.01708125394706945
C29,C29_fresh,fresh,high,resistance_minus_10pct,gain_nominal,0.0,917433,86400,2023,84377,0.00883970936428972,0.012069363639290695,0.031281591014675085
C29,C29_fresh,fresh,high,resistance_minus_10pct,gain_plus_3pct,0.03,917433,86400,2023,84377,0.014657173779742683,0.018977042762805155,0.04243881716447128
C29,C29_fresh,fresh,high,resistance_plus_10pct,gain_minus_3pct,-0.03,917433,86400,2023,84377,0.00633827244069889,0.008296670188051093,0.017057270082153134
C29,C29_fresh,fresh,high,resistance_plus_10pct,gain_nominal,0.0,917433,86400,2023,84377,0.007193956908187456,0.01121006207087895,0.029254979476117566
C29,C29_fresh,fresh,high,resistance_plus_10pct,gain_plus_3pct,0.03,917433,86400,2023,84377,0.011374148132382808,0.016372020481313077,0.04016726481807892
C29,C29_fresh,fresh,high,ocv_minus_10mV,gain_minus_3pct,-0.03,917433,86400,2023,84377,0.006017258316554113,0.00812054786094225,0.017348360711382935
C29,C29_fresh,fresh,high,ocv_minus_10mV,gain_nominal,0.0,917433,86400,2023,84377,0.007509101950044936,0.011292741857467458,0.02990180943705744
C29,C29_fresh,fresh,high,ocv_minus_10mV,gain_plus_3pct,0.03,917433,86400,2023,84377,0.012628891400020653,0.017353329538790194,0.04112562321104391
C29,C29_fresh,fresh,high,ocv_plus_10mV,gain_minus_3pct,-0.03,917433,86400,2023,84377,0.005771731526064725,0.007826247622895327,0.016715275231870393
C29,C29_fresh,fresh,high,ocv_plus_10mV,gain_nominal,0.0,917433,86400,2023,84377,0.008299813193047576,0.011696282749002387,0.030354356193279114
C29,C29_fresh,fresh,high,ocv_plus_10mV,gain_plus_3pct,0.03,917433,86400,2023,84377,0.01347308297176618,0.0179900150461685,0.04159295379943982
C29,C29_mid_life,mid_life,high,nominal_lookup,gain_minus_3pct,-0.03,2712150,86400,2023,84377,0.04182452580670787,0.04757659806308725,0.07544676751317973
C29,C29_mid_life,mid_life,high,nominal_lookup,gain_nominal,0.0,2712150,86400,2023,84377,0.025785512155953174,0.03126462916428432,0.05070659957468777
C29,C29_mid_life,mid_life,high,nominal_lookup,gain_plus_3pct,0.03,2712150,86400,2023,84377,0.013126390972746484,0.018033315880805006,0.02973324449576109
C29,C29_mid_life,mid_life,high,resistance_minus_10pct,gain_minus_3pct,-0.03,2712150,86400,2023,84377,0.04378139965344459,0.051897546325088376,0.0776017966377726
C29,C29_mid_life,mid_life,high,resistance_minus_10pct,gain_nominal,0.0,2712150,86400,2023,84377,0.02753879406314373,0.03729595744635507,0.05162231268908778
C29,C29_mid_life,mid_life,high,resistance_minus_10pct,gain_plus_3pct,0.03,2712150,86400,2023,84377,0.014820933046616342,0.026353770852793446,0.029898774692541805
C29,C29_mid_life,mid_life,high,resistance_plus_10pct,gain_minus_3pct,-0.03,2712150,86400,2023,84377,0.040340998899189906,0.045610310729952586,0.07378797898996005
C29,C29_mid_life,mid_life,high,resistance_plus_10pct,gain_nominal,0.0,2712150,86400,2023,84377,0.025119827526952083,0.029738718425508272,0.05028029817575059
C29,C29_mid_life,mid_life,high,resistance_plus_10pct,gain_plus_3pct,0.03,2712150,86400,2023,84377,0.01271023441318195,0.016290220244459096,0.029168099857767176
C29,C29_mid_life,mid_life,high,ocv_minus_10mV,gain_minus_3pct,-0.03,2712150,86400,2023,84377,0.03948240152657694,0.04503148054943048,0.07221880723037248
C29,C29_mid_life,mid_life,high,ocv_minus_10mV,gain_nominal,0.0,2712150,86400,2023,84377,0.023882773562690685,0.02908309606549494,0.04797963990535321
C29,C29_mid_life,mid_life,high,ocv_minus_10mV,gain_plus_3pct,0.03,2712150,86400,2023,84377,0.012002687168896286,0.016475141585066928,0.026495377940918875
C29,C29_mid_life,mid_life,high,ocv_plus_10mV,gain_minus_3pct,-0.03,2712150,86400,2023,84377,0.0440345654311906,0.050011888217349566,0.07901014246179036
C29,C29_mid_life,mid_life,high,ocv_plus_10mV,gain_nominal,0.0,2712150,86400,2023,84377,0.02766351602694044,0.033354931638172707,0.05376525696644554
C29,C29_mid_life,mid_life,high,ocv_plus_10mV,gain_plus_3pct,0.03,2712150,86400,2023,84377,0.014288618039563395,0.01928724328114887,0.03269458333345087
