"Task","HiddenSize","PrunedHiddenSize","TotalMACs","MACReductionPct"
"SOC","30","21","6304","41.6878172588832"
"SOC","40","28","9984","43.2692307692308"
"SOC","50","35","14464","44.3860619469027"
"SOC","60","42","19744","45.2188006482982"
"SOC","70","49","25824","45.864312267658"
"SOC","80","56","32704","46.3796477495108"
"SOC","90","63","40384","46.8007131537242"
"SOC","100","70","48864","47.1512770137525"
"SOC","110","77","58144","47.44771601541"
"SOC","120","84","68224","47.7016885553471"
"SOC","130","91","79104","47.9217233009709"
"SOC","140","98","90784","48.1142051462813"
"SOC","150","105","103264","48.284009916331"
"SOC","160","112","116544","48.4349258649094"
"SOC","170","119","130624","48.5699412052915"
"SOC","180","126","145504","48.691444908731"
"SOC","190","133","161184","48.8013698630137"
"SOC","200","140","177664","48.9012968299712"
"SOC","210","147","194944","48.9925311884439"
"SOC","220","154","213024","49.0761604326273"
"SOC","230","161","231904","49.1530978335863"
"SOC","240","168","251584","49.2241160010175"
"SOC","250","175","272064","49.2898729710656"
"SOC","260","182","293344","49.3509326933566"
"SOC","270","189","315424","49.4077812721924"
"SOC","280","196","338304","49.460839954597"
"SOC","290","203","361984","49.5104756011315"
"SOC","300","210","386464","49.5570091910243"
"SOC","310","217","411744","49.6007227792026"
"SOC","320","224","437824","49.6418652243824"
"SOC","330","231","464704","49.6806569343066"
"SOC","340","238","492384","49.717293819458"
"SOC","350","245","520864","49.7519506051484"
"SOC","360","252","550144","49.7847836202885"
"SOC","370","259","580224","49.8159331568498"
"SOC","380","266","611104","49.8455254752055"
"SOC","390","273","642784","49.873674515856"
"SOC","400","280","675264","49.9004833665055"
"SOC","410","287","708544","49.9260455243429"
"SOC","420","294","742624","49.9504459861249"
"SOC","430","301","777504","49.9737621928633"
"SOC","440","308","813184","49.9960648512514"
"SOC","450","315","849664","50.0174186501958"
"SOC","460","322","886944","50.0378828877584"
"SOC","470","329","925024","50.0575120213097"
"SOC","480","336","963904","50.07635615165"
"SOC","490","343","1003584","50.0944614501626"
"SOC","500","350","1044064","50.1118705366721"
"SOC","510","357","1085344","50.1286228145178"
"SOC","520","364","1127424","50.1447547683924"
"SOC","530","371","1170304","50.1603002296839"
"SOC","540","378","1213984","50.1752906133854"
"SOC","550","385","1258464","50.1897551300633"
"SOC","560","392","1303744","50.2037209758971"
"SOC","570","399","1349824","50.2172135033901"
"SOC","580","406","1396704","50.2302563750086"
"SOC","590","413","1444384","50.2428717017081"
"SOC","600","420","1492864","50.2550801680528"
"SOC","610","427","1542144","50.2669011454183"
"SOC","620","434","1592224","50.2783527945817"
"SOC","630","441","1643104","50.2894521588408"
"SOC","640","448","1694784","50.3002152486689"
"SOC","650","455","1747264","50.3106571187869"
"SOC","660","462","1800544","50.3207919384364"
"SOC","670","469","1854624","50.3306330555412"
"SOC","680","476","1909504","50.3401930553694"
"SOC","690","483","1965184","50.3494838142383"
"SOC","700","490","2021664","50.358516548744"
"SOC","710","497","2078944","50.3673018609448"
"SOC","720","504","2137024","50.3758497798808"
"SOC","730","511","2195904","50.3841697997727"
"SOC","740","518","2255584","50.3922709152042"
"SOC","750","525","2316064","50.400161653564"
"SOC","760","532","2377344","50.4078501049911"
"SOC","770","539","2439424","50.4153439500472"
"SOC","780","546","2502304","50.4226504853127"
"SOC","790","553","2565984","50.4297766470874"
"SOC","800","560","2630464","50.4367290333569"
"SOC","810","567","2695744","50.4435139241708"
"SOC","820","574","2761824","50.4501373005666"
"SOC","830","581","2828704","50.4566048621559"
"SOC","840","588","2896384","50.4629220434859"
"SOC","850","595","2964864","50.4690940292708"
"SOC","860","602","3034144","50.4751257685858"
"SOC","870","609","3104224","50.481021988104"
"SOC","880","616","3175104","50.4867872044506"
"SOC","890","623","3246784","50.4924257357434"
"SOC","900","630","3319264","50.4979417123796"
"SOC","910","637","3392544","50.5033390871275"
"SOC","920","644","3466624","50.5086216445741"
"SOC","930","651","3541504","50.5137930099754"
"SOC","940","658","3617184","50.5188566575546"
"SOC","950","665","3693664","50.523815918286"
"SOC","960","672","3770944","50.5286739872032"
"SOC","970","679","3849024","50.5334339302639"
"SOC","980","686","3927904","50.538098690803"
"SOC","990","693","4007584","50.5426710956027"
"SOC","1000","700","4088064","50.5471538606049"
"SOH","30","21","8288","38.6583011583012"
"SOH","40","28","12608","40.3553299492386"
"SOH","50","35","17728","41.6290613718412"
"SOH","60","42","23648","42.6251691474966"
"SOH","70","49","30368","43.427291886196"
"SOH","80","56","37888","44.0878378378378"
"SOH","90","63","46208","44.641620498615"
"SOH","100","70","55328","45.1127819548872"
"SOH","110","77","65248","45.518636586562"
"SOH","120","84","75968","45.8719460825611"
"SOH","130","91","87488","46.1823335771763"
"SOH","140","98","99808","46.457197819814"
"SOH","150","105","112928","46.7023236044205"
"SOH","160","112","126848","46.9223007063572"
"SOH","170","119","141568","47.1208182640145"
"SOH","180","126","157088","47.3008759421471"
"SOH","190","133","173408","47.4649381804761"
"SOH","200","140","190528","47.6150487067518"
"SOH","210","147","208448","47.7529167945963"
"SOH","220","154","227168","47.8799830962107"
"SOH","230","161","246688","47.9974704890388"
"SOH","240","168","267008","48.1064237775647"
"SOH","250","175","288128","48.2077410039982"
"SOH","260","182","310048","48.3021983692848"
"SOH","270","189","332768","48.3904702375228"
"SOH","280","196","356288","48.4731453206395"
"SOH","290","203","380608","48.5507398688414"
"SOH","300","210","405728","48.6237084943607"
"SOH","310","217","431648","48.6924531099414"
"SOH","320","224","458368","48.7573303546495"
"SOH","330","231","485888","48.8186577976818"
"SOH","340","238","514208","48.8767191486714"
"SOH","350","245","543328","48.9317686553978"
"SOH","360","252","573248","48.9840348330914"
"SOH","370","259","603968","49.0337236409876"
"SOH","380","266","635488","49.0810211994562"
"SOH","390","273","667808","49.1260961234367"
"SOH","400","280","700928","49.1691015339664"
"SOH","410","287","734848","49.2101767984672"
"SOH","420","294","769568","49.2494490415402"
"SOH","430","301","805088","49.2870344608291"
"SOH","440","308","841408","49.3230394766867"
"SOH","450","315","878528","49.3575617396372"
"SOH","460","322","916448","49.3906910157478"
"SOH","470","329","955168","49.4225099668331"
"SOH","480","336","994688","49.453094839789"
"SOH","490","343","1035008","49.4825160771704"
"SOH","500","350","1076128","49.5108388593179"
"SOH","510","357","1118048","49.5381235868227"
"SOH","520","364","1160768","49.5644263108563"
"SOH","530","371","1204288","49.589799117819"
"SOH","540","378","1248608","49.6142904738717"
"SOH","550","385","1293728","49.6379455341463"
"SOH","560","392","1339648","49.6608064207911"
"SOH","570","399","1386368","49.6829124734558"
"SOH","580","406","1433888","49.7043004753509"
"SOH","590","413","1482208","49.7250048576178"
"SOH","600","420","1531328","49.7450578843984"
"SOH","610","427","1581248","49.7644898206986"
"SOH","620","434","1631968","49.783329084884"
"SOH","630","441","1683488","49.8016023874242"
"SOH","640","448","1735808","49.8193348573114"
"SOH","650","455","1788928","49.8365501574127"
"SOH","660","462","1842848","49.8532705898696"
"SOH","670","469","1897568","49.8695171925328"
"SOH","680","476","1953088","49.8853098273094"
"SOH","690","483","2009408","49.9006672612033"
"SOH","700","490","2066528","49.9156072407439"
"SOH","710","497","2124448","49.9301465604242"
"SOH","720","504","2183168","49.9443011257036"
"SOH","730","511","2242688","49.9580860110724"
"SOH","740","518","2303008","49.9715155136239"
"SOH","750","525","2364128","49.9846032025339"
"SOH","760","532","2426048","49.9973619648086"
"SOH","770","539","2488768","50.0098040476252"
"SOH","780","546","2552288","50.0219410975564"
"SOH","790","553","2616608","50.033784196945"
"SOH","800","560","2681728","50.045343897666"
"SOH","810","567","2747648","50.0566302524923"
"SOH","820","574","2814368","50.067652844262"
"SOH","830","581","2881888","50.0784208130226"
"SOH","840","588","2950208","50.0889428813155"
"SOH","850","595","3019328","50.0992273777476"
"SOH","860","602","3089248","50.1092822589834"
"SOH","870","609","3159968","50.1191151302798"
"SOH","880","616","3231488","50.1287332646756"
"SOH","890","623","3303808","50.1381436209368"
"SOH","900","630","3376928","50.1473528603512"
"SOH","910","637","3450848","50.156367362457"
"SOH","920","644","3525568","50.1651932397843"
"SOH","930","651","3601088","50.1738363516804"
"SOH","940","658","3677408","50.1823023172844"
"SOH","950","665","3754528","50.1905965277127"
"SOH","960","672","3832448","50.1987241575098"
"SOH","970","679","3911168","50.2066901754156"
"SOH","980","686","3990688","50.2144993544973"
"SOH","990","693","4071008","50.2221562816875"
"SOH","1000","700","4152128","50.229665366771"
