Task,Model,ProgressPercent,CumulativeMAE_pct
SOH,Base,1,1.0360137700338872
SOH,Base,2,0.81822551285729761
SOH,Base,3,0.6424279857134475
SOH,Base,4,0.53743021874866093
SOH,Base,5,0.45818998539903782
SOH,Base,6,0.44779728243429234
SOH,Base,7,0.40555740774045101
SOH,Base,8,0.37736476608782688
SOH,Base,9,0.34316001913126931
SOH,Base,10,0.33464453728072557
SOH,Base,11,0.33871930711086085
SOH,Base,12,0.35192074050165922
SOH,Base,13,0.34960488659017647
SOH,Base,14,0.35046550076118471
SOH,Base,15,0.3388368299414502
SOH,Base,16,0.33967328846882888
SOH,Base,17,0.34939389479095262
SOH,Base,18,0.3616277580219735
SOH,Base,19,0.37928671743834025
SOH,Base,20,0.40646855734528842
SOH,Base,21,0.45110906383891153
SOH,Base,22,0.45162525013003152
SOH,Base,23,0.44243329495997458
SOH,Base,24,0.4411179270985518
SOH,Base,25,0.4436679995526473
SOH,Base,26,0.45126421460404575
SOH,Base,27,0.45810233468173406
SOH,Base,28,0.52227221703455984
SOH,Base,29,0.5724421639296603
SOH,Base,30,0.61347143028733742
SOH,Base,31,0.64682559120379945
SOH,Base,32,0.67212651241130927
SOH,Base,33,0.69129793705339138
SOH,Base,34,0.71247344575952587
SOH,Base,35,0.76561960520681926
SOH,Base,36,0.7977844907274998
SOH,Base,37,0.81247763634127179
SOH,Base,38,0.82168870027655738
SOH,Base,39,0.82743848818389065
SOH,Base,40,0.83003803707436441
SOH,Base,41,0.83273840116145437
SOH,Base,42,0.87391970070688152
SOH,Base,43,0.92895944806743191
SOH,Base,44,0.9521320155818247
SOH,Base,45,0.95823346693809142
SOH,Base,46,0.9566596616816555
SOH,Base,47,0.95516577922213586
SOH,Base,48,0.95321065257645554
SOH,Base,49,0.97602469950538784
SOH,Base,50,1.0392313518930414
SOH,Base,51,1.0790473079261487
SOH,Base,52,1.1103481837392282
SOH,Base,53,1.1093085522422856
SOH,Base,54,1.102799440499646
SOH,Base,55,1.0935066961730373
SOH,Base,56,1.0889009204458657
SOH,Base,57,1.0869804169449222
SOH,Base,58,1.0817651463308469
SOH,Base,59,1.0769815544706507
SOH,Base,60,1.0703356984318564
SOH,Base,61,1.0630130201888517
SOH,Base,62,1.0532155015639741
SOH,Base,63,1.0442313946864092
SOH,Base,64,1.0351437279405113
SOH,Base,65,1.0275156246062422
SOH,Base,66,1.0204447598057149
SOH,Base,67,1.0122911175079039
SOH,Base,68,1.0039213112491858
SOH,Base,69,0.99413833949032393
SOH,Base,70,0.98470165765473117
SOH,Base,71,0.9765466777774755
SOH,Base,72,0.96779263645362368
SOH,Base,73,0.96178005875004269
SOH,Base,74,0.95442104630841829
SOH,Base,75,0.94538701433159278
SOH,Base,76,0.93414942602865814
SOH,Base,77,0.92359742419843116
SOH,Base,78,0.91394982830223159
SOH,Base,79,0.9057673122295834
SOH,Base,80,0.89560131958418276
SOH,Base,81,0.88657980128001346
SOH,Base,82,0.8793091521090296
SOH,Base,83,0.87296951998403016
SOH,Base,84,0.86779648077833538
SOH,Base,85,0.86083181038622647
SOH,Base,86,0.85522474090885392
SOH,Base,87,0.85002130584525537
SOH,Base,88,0.84590207172044718
SOH,Base,89,0.84300259065195093
SOH,Base,90,0.84144477343348956
SOH,Base,91,0.8410913159047283
SOH,Base,92,0.83920447838986412
SOH,Base,93,0.83703302147099823
SOH,Base,94,0.83756580464053154
SOH,Base,95,0.838793068315551
SOH,Base,96,0.84058000744156403
SOH,Base,97,0.84300584871974338
SOH,Base,98,0.84627413570592036
SOH,Base,99,0.84978135211210115
SOH,Base,100,0.85229210940283651
SOH,Pruned,1,0.81098161488790965
SOH,Pruned,2,1.1008420321320362
SOH,Pruned,3,1.2010191966092219
SOH,Pruned,4,1.157245194651348
SOH,Pruned,5,1.0164173253902193
SOH,Pruned,6,0.97105287620782388
SOH,Pruned,7,0.92801338657363286
SOH,Pruned,8,0.88961808303057632
SOH,Pruned,9,0.83640102084750512
SOH,Pruned,10,0.76484697151419456
SOH,Pruned,11,0.70845475071881037
SOH,Pruned,12,0.68619885737644515
SOH,Pruned,13,0.75348387060072564
SOH,Pruned,14,0.81707906144367159
SOH,Pruned,15,0.8019570446169304
SOH,Pruned,16,0.78825654629140429
SOH,Pruned,17,0.78131457913310076
SOH,Pruned,18,0.75556200821146502
SOH,Pruned,19,0.77197146800903493
SOH,Pruned,20,0.83218758258690095
SOH,Pruned,21,0.90377075090090797
SOH,Pruned,22,0.97467357935539112
SOH,Pruned,23,1.01986679455998
SOH,Pruned,24,1.0410085473708188
SOH,Pruned,25,1.0419417896796268
SOH,Pruned,26,1.0375028262097177
SOH,Pruned,27,1.0186814117653822
SOH,Pruned,28,0.99769393679677032
SOH,Pruned,29,0.97066987040839925
SOH,Pruned,30,0.95154064855497744
SOH,Pruned,31,0.93090402232419378
SOH,Pruned,32,0.91049501197617455
SOH,Pruned,33,0.89631998034843863
SOH,Pruned,34,0.88300212715549509
SOH,Pruned,35,0.86766708030108164
SOH,Pruned,36,0.87160005845365596
SOH,Pruned,37,0.85916296312603768
SOH,Pruned,38,0.8488523942717473
SOH,Pruned,39,0.84096694243117986
SOH,Pruned,40,0.83659897093706614
SOH,Pruned,41,0.83119265795123665
SOH,Pruned,42,0.82537418141806385
SOH,Pruned,43,0.81659951146712229
SOH,Pruned,44,0.83713364457138639
SOH,Pruned,45,0.8682460924946791
SOH,Pruned,46,0.89771971086273306
SOH,Pruned,47,0.92605419476964157
SOH,Pruned,48,0.9539178025624333
SOH,Pruned,49,0.96057047975199639
SOH,Pruned,50,0.96219894168966347
SOH,Pruned,51,1.0030502621069397
SOH,Pruned,52,1.0631870683624645
SOH,Pruned,53,1.1334990398499967
SOH,Pruned,54,1.1992674885583856
SOH,Pruned,55,1.2592414033022199
SOH,Pruned,56,1.2960857096519993
SOH,Pruned,57,1.312772729177786
SOH,Pruned,58,1.3498001668109918
SOH,Pruned,59,1.3924806583452674
SOH,Pruned,60,1.4310271636480467
SOH,Pruned,61,1.4657877257282144
SOH,Pruned,62,1.4968873028130645
SOH,Pruned,63,1.5165116925512887
SOH,Pruned,64,1.5286149651541183
SOH,Pruned,65,1.5477825591633279
SOH,Pruned,66,1.5685556322675307
SOH,Pruned,67,1.5840040992572504
SOH,Pruned,68,1.595740077472539
SOH,Pruned,69,1.6078031034824762
SOH,Pruned,70,1.6157628665605446
SOH,Pruned,71,1.6152253861409964
SOH,Pruned,72,1.6155509161669475
SOH,Pruned,73,1.6154289097072623
SOH,Pruned,74,1.6125196006470683
SOH,Pruned,75,1.6069424636001812
SOH,Pruned,76,1.5982995567967613
SOH,Pruned,77,1.5882380030756396
SOH,Pruned,78,1.5779970565638461
SOH,Pruned,79,1.5685455090427058
SOH,Pruned,80,1.5593691968306604
SOH,Pruned,81,1.5477426737025257
SOH,Pruned,82,1.5449217657643228
SOH,Pruned,83,1.5437547512998264
SOH,Pruned,84,1.5404494084580698
SOH,Pruned,85,1.5303246939372788
SOH,Pruned,86,1.5359187191354013
SOH,Pruned,87,1.5247923471187905
SOH,Pruned,88,1.5196704921028794
SOH,Pruned,89,1.5144720530081799
SOH,Pruned,90,1.508157231367524
SOH,Pruned,91,1.5003465265780447
SOH,Pruned,92,1.4909460326942929
SOH,Pruned,93,1.5001771411235292
SOH,Pruned,94,1.4991876836372662
SOH,Pruned,95,1.4861623471881868
SOH,Pruned,96,1.4744092388291243
SOH,Pruned,97,1.4617009003131758
SOH,Pruned,98,1.4475984950965297
SOH,Pruned,99,1.4396938034345612
SOH,Pruned,100,1.4572129905354223
SOH,Quantized,1,0.73291688666362009
SOH,Quantized,2,1.239087064350598
SOH,Quantized,3,1.4552440415263428
SOH,Quantized,4,1.5192157687342807
SOH,Quantized,5,1.7122463118914235
SOH,Quantized,6,1.6487024212659143
SOH,Quantized,7,1.6164599010714871
SOH,Quantized,8,1.5970655321267697
SOH,Quantized,9,1.5395668849183841
SOH,Quantized,10,1.5032607770730357
SOH,Quantized,11,1.563801903920911
SOH,Quantized,12,1.600172264203545
SOH,Quantized,13,1.5556354942378696
SOH,Quantized,14,1.4994177408624152
SOH,Quantized,15,1.461273368844294
SOH,Quantized,16,1.4276297916762428
SOH,Quantized,17,1.3976322745484231
SOH,Quantized,18,1.3713050326501315
SOH,Quantized,19,1.342270465522311
SOH,Quantized,20,1.2886672744797854
SOH,Quantized,21,1.2389025227717969
SOH,Quantized,22,1.1844918003553566
SOH,Quantized,23,1.1384260206697838
SOH,Quantized,24,1.1048502038368564
SOH,Quantized,25,1.0788305771208744
SOH,Quantized,26,1.0579682147371106
SOH,Quantized,27,1.0487192848167404
SOH,Quantized,28,1.0699804620683402
SOH,Quantized,29,1.0551100411059648
SOH,Quantized,30,1.0337420541568594
SOH,Quantized,31,1.0179790886944329
SOH,Quantized,32,1.0060595716575589
SOH,Quantized,33,0.99563375417310929
SOH,Quantized,34,0.9859308034789519
SOH,Quantized,35,1.0066521275075173
SOH,Quantized,36,1.042702284898793
SOH,Quantized,37,1.0355306757875176
SOH,Quantized,38,1.0152808897885375
SOH,Quantized,39,0.99017525839802134
SOH,Quantized,40,0.96967066886208675
SOH,Quantized,41,0.95444156932945612
SOH,Quantized,42,0.96902891368363708
SOH,Quantized,43,0.99721199032339247
SOH,Quantized,44,0.98737508467106816
SOH,Quantized,45,0.97719349833343838
SOH,Quantized,46,0.970650153759687
SOH,Quantized,47,0.95809152121926056
SOH,Quantized,48,0.94916640603748959
SOH,Quantized,49,0.94632187115899435
SOH,Quantized,50,0.94102902138781475
SOH,Quantized,51,0.9770801986173957
SOH,Quantized,52,1.0391459184986229
SOH,Quantized,53,1.0973683673222008
SOH,Quantized,54,1.150784199001488
SOH,Quantized,55,1.1985118307276923
SOH,Quantized,56,1.2364167772779366
SOH,Quantized,57,1.2708472592667348
SOH,Quantized,58,1.3134402224557606
SOH,Quantized,59,1.3628709110077026
SOH,Quantized,60,1.4118339478492541
SOH,Quantized,61,1.4563694514365202
SOH,Quantized,62,1.4981344631899871
SOH,Quantized,63,1.5300890618337997
SOH,Quantized,64,1.5481610800479249
SOH,Quantized,65,1.5699815174828229
SOH,Quantized,66,1.5997699948281412
SOH,Quantized,67,1.62911881046309
SOH,Quantized,68,1.6573292398761128
SOH,Quantized,69,1.6803257644361149
SOH,Quantized,70,1.6974731062299586
SOH,Quantized,71,1.701548430539229
SOH,Quantized,72,1.6971042235720954
SOH,Quantized,73,1.690063105458379
SOH,Quantized,74,1.6810775215046916
SOH,Quantized,75,1.670324833936224
SOH,Quantized,76,1.6567083598608843
SOH,Quantized,77,1.64112450577907
SOH,Quantized,78,1.6221698100747646
SOH,Quantized,79,1.605412293561155
SOH,Quantized,80,1.5905285123226776
SOH,Quantized,81,1.5741851331484418
SOH,Quantized,82,1.5563915932438921
SOH,Quantized,83,1.5381384073051756
SOH,Quantized,84,1.5211088727289068
SOH,Quantized,85,1.5109654873691369
SOH,Quantized,86,1.5017959595224382
SOH,Quantized,87,1.4865972041952624
SOH,Quantized,88,1.4714856969250729
SOH,Quantized,89,1.4584563832178636
SOH,Quantized,90,1.4474363680843927
SOH,Quantized,91,1.438185091130098
SOH,Quantized,92,1.4329924266824865
SOH,Quantized,93,1.4297585324271054
SOH,Quantized,94,1.42326478084985
SOH,Quantized,95,1.4171036272128292
SOH,Quantized,96,1.4124481051615723
SOH,Quantized,97,1.4094077454420069
SOH,Quantized,98,1.407938351075388
SOH,Quantized,99,1.4088684737469956
SOH,Quantized,100,1.410283121108505
