Samples,TimeSeconds,TimeDays,Benchmark_alpha0.02,Manuscript_alpha1e-6
0,0,0,0,0
1,1,1.1574074074074073E-05,0.020000000000000018,1.0000000000287557E-06
2,2,2.3148148148148147E-05,0.03960000000000008,1.999999000079633E-06
3,3,3.4722222222222222E-05,0.058807999999999971,2.9999970000416099E-06
4,4,4.6296296296296294E-05,0.077631840000000008,3.9999940001367307E-06
5,5,5.7870370370370373E-05,0.096079203200000074,4.9999900001429509E-06
6,6,6.9444444444444444E-05,0.11415761913600009,5.9999850001712929E-06
7,7,8.1018518518518516E-05,0.13187446675328007,6.9999790002217566E-06
8,8,9.2592592592592588E-05,0.14923697741821451,7.999972000294342E-06
9,9,0.00010416666666666667,0.16625223786985022,8.9999640003890491E-06
10,10,0.00011574074074074075,0.18292719311245331,9.9999550003948556E-06
11,11,0.0001273148148148148,0.19926864925020416,1.0999945000533806E-05
12,12,0.00013888888888888889,0.21528327626520016,1.1999934000583856E-05
13,13,0.00015046296296296297,0.2309776107398962,1.2999922000656028E-05
14,14,0.00016203703703703703,0.24635805852509829,1.3999909000750321E-05
15,15,0.00017361111111111112,0.26143089735459635,1.4999895000866736E-05
16,16,0.00018518518518518518,0.2762022794075043,1.5999880001005273E-05
17,17,0.00019675925925925926,0.29067823381935431,1.6999864001165932E-05
18,18,0.00020833333333333335,0.30486466914296717,1.7999847001348712E-05
19,19,0.0002199074074074074,0.31876737576010783,1.8999829001553614E-05
20,20,0.00023148148148148149,0.33239202824490577,1.9999810001669616E-05
21,21,0.00024305555555555555,0.3457441876800077,2.0999790001918761E-05
22,22,0.00025462962962962961,0.35882930392640755,2.1999769002190028E-05
23,23,0.00026620370370370372,0.37165271784787934,2.2999747002483417E-05
24,24,0.00027777777777777778,0.38421966349092185,2.3999724002687906E-05
25,25,0.00028935185185185184,0.39653527022110335,2.4999700003025538E-05
26,26,0.00030092592592592595,0.40860456481668128,2.5999675003385292E-05
27,27,0.00031250000000000001,0.42043247352034774,2.6999649003656145E-05
28,28,0.00032407407407407406,0.43202382404994077,2.7999622004060143E-05
30,30,0.00034722222222222224,0.45451568061756309,2.9999565004934503E-05
31,31,0.00035879629629629629,0.46542536700521187,3.0999535005404866E-05
32,32,0.00037037037037037035,0.47611685966510764,3.199950400589735E-05
33,33,0.00038194444444444446,0.48659452247180546,3.2999472006411956E-05
35,35,0.00040509259259259258,0.50692537938192195,3.4999405007507534E-05
36,36,0.00041666666666666669,0.51678687179428351,3.5999370008199527E-05
38,38,0.00043981481481481481,0.53592211167122994,3.7999297009538857E-05
39,39,0.00045138888888888887,0.54520366943780529,3.8999259010297216E-05
41,41,0.00047453703703703704,0.5632136041280682,4.0999180011880298E-05
42,42,0.0004861111111111111,0.57194933204550691,4.1999139012705022E-05
44,44,0.00050925925925925921,0.58890013849650491,4.3999054014531858E-05
46,46,0.00053240740740740744,0.60517969301204322,4.599896501644718E-05
48,48,0.00055555555555555556,0.62081457716876642,4.7998872018673033E-05
50,50,0.00057870370370370367,0.63583031991288319,4.9998775020987374E-05
52,52,0.0006018518518518519,0.65025143924433304,5.1998674023612246E-05
54,54,0.00062500000000000001,0.66410148225025756,5.3998569026325605E-05
56,56,0.00064814814814814813,0.67740306355314728,5.5998460029349495E-05
59,59,0.00068287037037037036,0.69637434419171385,5.8998289034217777E-05
61,61,0.00070601851851851847,0.70839792016172198,6.0998170037795951E-05
63,63,0.0007291666666666667,0.71994536252331787,6.2998047041573635E-05
66,66,0.00076388888888888893,0.73641481564404643,6.5997855047683629E-05
69,69,0.00079861111111111116,0.75191573316565141,6.8997654054325785E-05
72,72,0.00083333333333333339,0.76650507272964585,7.1997444061722149E-05
75,75,0.00086805555555555551,0.78023644241256085,7.4997225069650675E-05
78,78,0.00090277777777777774,0.79316029770716301,7.7996997078333408E-05
81,81,0.00093749999999999997,0.80532412691960009,8.0996760087659325E-05
84,84,0.00097222222222222219,0.81677262566371234,8.399651409773945E-05
88,88,0.0010185185185185184,0.83099690387180714,8.7996172112303483E-05
91,91,0.0010532407407407407,0.84093563794891391,9.0995905124069409E-05
95,95,0.0010995370370370371,0.85328409705336594,9.499553514114023E-05
99,99,0.0011458333333333333,0.86467392255637454,9.8995149159675222E-05
103,103,0.0011921296296296296,0.87517953494830569,0.00010299474717978541
107,107,0.001238425925925926,0.88486957731992444,0.00010699432920158181
112,112,0.0012962962962962963,0.89593121659510522,0.0001119937842311014
116,116,0.0013425925925925925,0.90401026773738868,0.00011599333025680281
121,121,0.0014004629629629629,0.91323288472856179,0.0001209927402914257
126,126,0.0014583333333333334,0.92156940002780408,0.00012599212532915516
131,131,0.0015162037037037036,0.92910494957963063,0.00013099148536988015
136,136,0.0015740740740740741,0.93591648953484352,0.00013599082041393373
142,142,0.0016435185185185185,0.94323211051542277,0.0001419899894712362
148,148,0.001712962962962963,0.94971259762235771,0.00014798912253366492
154,154,0.0017824074074074075,0.95545328775032334,0.00015398821960133091
160,160,0.0018518518518518519,0.96053863436108289,0.00015998728067445622
167,167,0.0019328703703703704,0.96574258091207132,0.00016698613976717791
174,174,0.0020138888888888888,0.97026025978663555,0.00017398494986786694
181,181,0.0020949074074074073,0.9741821721686541,0.00018098371097707844
188,188,0.0021759259259259258,0.97758688444664077,0.00018798242309514546
196,196,0.0022685185185185187,0.98093175006634936,0.0001959808912413985
204,204,0.0023611111111111111,0.9837774380511024,0.00020397929539994752
213,213,0.0024652777777777776,0.98647447527908894,0.00021297742359405181
221,221,0.0025578703703703705,0.98849298370643301,0.00022097569178092247
230,230,0.002662037037037037,0.9904060509164434,0.00022997366700794331
240,240,0.0027777777777777779,0.99216104509316216,0.00023997132228203988
250,250,0.0028935185185185184,0.99359500311120508,0.00024996887757999797
260,260,0.0030092592592592593,0.99476665121396635,0.00025996633290292781
271,271,0.0031365740740740742,0.9958094935576145,0.00027096341828802828
282,282,0.0032638888888888891,0.99664453011606291,0.0002819603827057815
293,293,0.0033912037037037036,0.99731317006743481,0.00029295722615763076
305,305,0.0035300925925925925,0.99789159961808482,0.00030495364469074193
318,318,0.0036805555555555554,0.99837859290078268,0.00031794960231779079
331,331,0.0038310185185185183,0.99875310163859665,0.00033094539099842724
345,345,0.0039930555555555552,0.99906028509809008,0.00034494066679391366
359,359,0.0041550925925925922,0.99929179143689173,0.00035893574665668559
374,374,0.0043287037037037035,0.99947693903705936,0.00037393025765908305
389,389,0.0045023148148148149,0.99961368333397205,0.00038892454374539476
405,405,0.0046874999999999998,0.9997203848777021,0.00040491820100030385
422,422,0.0048842592592592592,0.99980166290760086,0.00042191118144718764
439,439,0.0050810185185185186,0.99985931518332027,0.00043890387301559475
457,457,0.0052893518518518515,0.99990220501341076,0.00045689581981445127
476,476,0.0055092592592592589,0.99993337886464828,0.0004758869678734845
495,495,0.0057291666666666663,0.99995461550913456,0.00049487775510392851
516,516,0.0059722222222222225,0.9999703069330621,0.00051586715277696094
537,537,0.0062152777777777779,0.9999805731383703,0.00053685610967701969
559,559,0.0064699074074074077,0.9999875440656063,0.00055884406796880004
582,582,0.0067361111111111111,0.99999217334747703,0.00058183096169905912
606,606,0.007013888888888889,0.99999518050127567,0.00060581672191928337
631,631,0.0073032407407407404,0.99999709160250472,0.00063080127668602159
657,657,0.0076041666666666671,0.99999827998699753,0.000656784551061107
684,684,0.0079166666666666673,0.99999900313631862,0.00068376646711254541
712,712,0.0082407407407407412,0.99999943380517831,0.0007117469439139601
741,741,0.0085763888888888886,0.99999968484653379,0.00074072589754603513
772,772,0.0089351851851851849,0.99999983152695149,0.00077170247039304307
804,804,0.0093055555555555548,0.99999991173981029,0.00080367728030261709
837,837,0.0096874999999999999,0.99999995468673519,0.00083665023138312922
871,871,0.010081018518518519,0.99999997720120315,0.00087062122475156656
907,907,0.010497685185185185,0.9999999889833221,0.0009065892529441788
944,944,0.010925925925925926,0.99999999478306467,0.00094355504375442933
983,983,0.011377314814814814,0.99999999762735692,0.00098251750481714861
1023,1023,0.011840277777777778,0.99999999894251201,0.0010224774248942525
1065,1065,0.012326388888888888,0.99999999954734153,0.0010644336207354943
1109,1109,0.012835648148148148,0.99999999981391219,0.0011083858406776281
1155,1155,0.013368055555555555,0.99999999992652877,0.0011543338210926457
1202,1202,0.013912037037037037,0.99999999997157218,0.001201278487668378
1252,1252,0.014490740740740742,0.9999999999896475,0.0012512172002365762
1303,1303,0.015081018518518518,0.99999999999630529,0.0013021521147769111
1357,1357,0.015706018518518518,0.99999999999875899,0.0013560803694524504
1413,1413,0.016354166666666666,0.99999999999959965,0.0014120028910694638
1471,1471,0.017025462962962964,0.99999999999987599,0.0014699193442682112
1531,1531,0.017719907407407406,0.99999999999996314,0.0015298293817452846
1594,1594,0.018449074074074073,0.99999999999998967,0.0015927310525234439
1660,1660,0.019212962962962963,0.99999999999999722,0.0016586237907378898
1728,1728,0.02,0.99999999999999933,0.0017265087301504556
1799,1799,0.020821759259259259,0.99999999999999989,0.0017973836673801369
1873,1873,0.021678240740740741,1,0.0018712479649103386
1950,1950,0.022569444444444444,1,0.0019481009583675046
2030,2030,0.023495370370370371,1,0.0020279419565311096
2113,2113,0.024456018518518519,1,0.0021107702413438734
2200,2200,0.025462962962962962,1,0.0021975828713375334
2291,2291,0.026516203703703705,1,0.0022883788054192111
2385,2385,0.027604166666666666,1,0.0023821593369504068
2483,2483,0.028738425925925924,1,0.002479921143812347
2585,2585,0.02991898148148148,1,0.0025816630538039176
2692,2692,0.031157407407407408,1,0.0026883811596988272
2802,2802,0.032430555555555553,1,0.0027980794591064839
2917,2917,0.033761574074074076,1,0.0029127511435595999
3037,3037,0.03515046296296296,1,0.0030323944945028769
3162,3162,0.036597222222222225,1,0.0031570077190125057
3292,3292,0.038101851851851852,1,0.0032865889498409073
3428,3428,0.039675925925925927,1,0.0034221328243271287
3569,3569,0.04130787037037037,1,0.0035626404678351653
3715,3715,0.042997685185185187,1,0.0037081097755478076
3868,3868,0.04476851851851852,1,0.0038605308504575664
4027,4027,0.046608796296296294,1,0.004018904514203725
4193,4193,0.04853009259259259,1,0.0041842237368436841
4365,4365,0.050520833333333334,1,0.0043554894067289185
4545,4545,0.052604166666666667,1,0.0045346893797594268
4732,4732,0.054768518518518522,1,0.0047208240817810943
4926,4926,0.057013888888888892,1,0.0049138896104857777
5129,5129,0.059363425925925924,1,0.0051158716900169265
5339,5339,0.061793981481481484,1,0.0053247755257495033
5559,5559,0.064340277777777774,1,0.0055435801151551001
5788,5788,0.06699074074074074,1,0.0057712846760002989
6026,6026,0.069745370370370374,1,0.0060078830722274379
6273,6273,0.072604166666666664,1,0.006253368929107217
6531,6531,0.075590277777777784,1,0.0065097226170600653
6800,6800,0.078703703703703706,1,0.0067769356935202252
7079,7079,0.081932870370370364,1,0.0070540064138422398
7371,7371,0.085312499999999999,1,0.0073439044617520377
7674,7674,0.088819444444444451,1,0.0076446338462708985
7989,7989,0.092465277777777771,1,0.0079571767148036709
8318,8318,0.096273148148148149,1,0.0082835052828451605
8660,8660,0.10023148148148148,1,0.0086226145026209178
9016,9016,0.10435185185185185,1,0.0089754822141226986
9386,9386,0.10863425925925926,1,0.0093420936417232259
9772,9772,0.11310185185185186,1,0.0097244139921740524
10174,10174,0.11775462962962963,1,0.010122424971199306
10593,10593,0.12260416666666667,1,0.010537097002627061
11028,11028,0.12763888888888889,1,0.010967419978571979
11482,11482,0.13289351851851852,1,0.011416339082026883
11954,11954,0.13835648148148147,1,0.011882840700201736
12445,12445,0.14403935185185185,1,0.012367887379250986
12957,12957,0.14996527777777777,1,0.012873425844805775
13490,13490,0.15613425925925925,1,0.013399424380782565
14044,14044,0.1625462962962963,1,0.013945849999032367
14622,14622,0.16923611111111111,1,0.014515624901827118
15223,15223,0.17619212962962963,1,0.015107723363917414
15849,15849,0.1834375,1,0.015724073299626662
16501,16501,0.1909837962962963,1,0.016365612360162873
17179,17179,0.19883101851851853,1,0.017032290778818737
17885,17885,0.20700231481481482,1,0.017726021412685422
18621,18621,0.21552083333333333,1,0.018448709440473166
19387,19387,0.22438657407407409,1,0.019200290212668558
20184,20184,0.2336111111111111,1,0.01998167654826799
21014,21014,0.2432175925925926,1,0.020794754689189454
21878,21878,0.25321759259259258,1,0.021640423062651903
22777,22777,0.26362268518518517,1,0.022519573524575676
23714,23714,0.27446759259259257,1,0.023435044176964626
24689,24689,0.28575231481481483,1,0.024386731461820244
25704,25704,0.29749999999999999,1,0.025376477043433487
26761,26761,0.30973379629629627,1,0.026406110364971314
27861,27861,0.32246527777777778,1,0.027476475370101894
29007,29007,0.33572916666666669,1,0.028590349514506452
30200,30200,0.34953703703703703,1,0.029748550802234042
31441,31441,0.36390046296296297,1,0.030951886628074909
32734,32734,0.37886574074074075,1,0.032204056762340838
34080,34080,0.39444444444444443,1,0.033505834459936823
35481,35481,0.41065972222222225,1,0.034858945386924578
36940,36940,0.42754629629629631,1,0.036266060149375501
38459,38459,0.44512731481481482,1,0.037728861456590934
40041,40041,0.4634375,1,0.039249971642964732
41687,41687,0.48248842592592595,1,0.040830066205160387
43401,43401,0.50232638888888892,1,0.042472676174155732
45186,45186,0.52298611111111115,1,0.044180338758792015
47044,47044,0.54449074074074078,1,0.045954603773941338
48978,48978,0.56687500000000002,1,0.047797945406045206
50992,50992,0.59018518518518515,1,0.049713751437707843
53088,53088,0.61444444444444446,1,0.051703466459828484
55271,55271,0.63971064814814815,1,0.053771340920366728
57544,57544,0.66601851851851857,1,0.055919677227517894
59910,59910,0.69340277777777781,1,0.058150732008204531
62373,62373,0.72190972222222227,1,0.060467653453760151
64938,64938,0.75159722222222225,1,0.06287446706808586
67608,67608,0.78249999999999997,1,0.065373256122624235
70388,70388,0.81467592592592597,1,0.067967911525950053
73282,73282,0.84817129629629628,1,0.070661314502841077
76296,76296,0.88305555555555559,1,0.073458125787577155
79433,79433,0.9193634259259259,1,0.076360134916916067
82699,82699,0.95716435185185189,1,0.07937182345774163
86099,86099,0.99651620370370375,1,0.08249664561257708
89640,89640,1.0375000000000001,1,0.085739781251753966
93325,93325,1.080150462962963,1,0.089102631981484048
97163,97163,1.1245717592592592,1,0.092591957525763879
101158,101158,1.1708101851851851,1,0.096209822966498049
105317,105317,1.2189467592592593,1,0.099960882453286826
109648,109648,1.269074074074074,1,0.10385052471597711
114156,114156,1.32125,1,0.10788127642559553
118850,118850,1.3755787037037037,1,0.11205907084855959
123737,123737,1.4321412037037038,1,0.11638785433610854
128825,128825,1.4910300925925926,1,0.12087225718048433
134122,134122,1.552337962962963,1,0.12551668752325218
139637,139637,1.6161689814814815,1,0.13032619100043608
145378,145378,1.6826157407407407,1,0.13530468638241455
151356,151356,1.7518055555555556,1,0.14045841769332812
157580,157580,1.8238425925925925,1,0.1457915931099949
164059,164059,1.8988310185185184,1,0.15130812204370125
170805,170805,1.9769097222222223,1,0.15701413229365835
177828,177828,2.0581944444444447,1,0.16291368446665588
185140,185140,2.142824074074074,1,0.16901213953219696
192752,192752,2.2309259259259258,1,0.17531360845934307
200678,200678,2.3226620370370372,1,0.18182424033613032
208930,208930,2.4181712962962965,1,0.18854804947539294
217520,217520,2.5175925925925924,1,0.19548857297512423
226464,226464,2.6211111111111109,1,0.20265204396458203
235776,235776,2.7288888888888887,1,0.21004248851267382
245471,245471,2.8410995370370369,1,0.21766412481727082
255564,255564,2.9579166666666667,1,0.2255205306883169
266073,266073,3.079548611111111,1,0.23361692247602184
277013,277013,3.2061689814814813,1,0.24195546253411016
288403,288403,3.3379976851851851,1,0.2505406088862574
300262,300262,3.4752546296296298,1,0.25937595946506331
312608,312608,3.6181481481481481,1,0.26846349562339866
325462,325462,3.7669212962962964,1,0.27780649442773786
338844,338844,3.9218055555555558,1,0.28740651571486031
352777,352777,4.0830671296296295,1,0.29726623839948252
367282,367282,4.2509490740740743,1,0.30738582693037375
382384,382384,4.425740740740741,1,0.31776710502755845
398107,398107,4.6077199074074073,1,0.32840997002029471
414477,414477,4.7971874999999997,1,0.33931440792882483
431519,431519,4.9944328703703702,1,0.35047841864037899
449262,449262,5.199791666666667,1,0.36190124846454874
467735,467735,5.4135995370370367,1,0.37358064367507449
486968,486968,5.6362037037037034,1,0.38551345342206955
506991,506991,5.8679513888888888,1,0.39769496148512606
527837,527837,6.1092245370370373,1,0.41012065555360544
549541,549541,6.3604282407407409,1,0.42278546748184198
572137,572137,6.6219560185185182,1,0.43568196021332628
595662,595662,6.8942361111111108,1,0.44880261189119197
620155,620155,7.1777199074074076,1,0.46213910411971959
645654,645654,7.4728472222222226,1,0.47568064429143864
672202,672202,7.7801157407407411,1,0.48941713644195783
699842,699842,8.1000231481481482,1,0.50333640333505092
728618,728618,8.4330787037037034,1,0.51742472708542087
758578,758578,8.7798379629629633,1,0.53166825591972855
789769,789769,9.1408449074074074,1,0.54605053372826773
822243,822243,9.5167013888888885,1,0.5605553072820374
856052,856052,9.9080092592592592,1,0.57516415343734728
891251,891251,10.315405092592593,1,0.58985783917045143
927897,927897,10.739548611111111,1,0.60461585353375935
966051,966051,11.181145833333334,1,0.61941718710201676
1005773,1005773,11.640891203703704,1,0.63423839231304124
1047129,1047129,12.119548611111112,1,0.64905631977673561
1090184,1090184,12.617870370370371,1,0.66384554768279791
1135011,1135011,13.136701388888889,1,0.6785815967068729
1181680,1181680,13.676851851851852,1,0.69323723754900335
1230269,1230269,14.239224537037037,1,0.70778621820948473
1280855,1280855,14.824710648148148,1,0.72220049776239004
1333521,1333521,15.434270833333333,1,0.73645250137237595
1388353,1388353,16.068900462962961,1,0.75051430353134974
1445440,1445440,16.729629629629631,1,0.76435779921424829
1504874,1504874,17.417523148148149,1,0.7779548973113144
1566751,1566751,18.13369212962963,1,0.79127794311007904
1631173,1631173,18.87931712962963,1,0.80430027614304223
1698244,1698244,19.655601851851852,1,0.81699555726068729
1768072,1768072,20.463796296296298,1,0.82933844326885564
1840772,1840772,21.305231481481481,1,0.84130527970085123
1916461,1916461,22.181261574074075,1,0.85287341764513047
1995262,1995262,23.093310185185185,1,0.86402211240640536
2077304,2077304,24.04287037037037,1,0.87473265163548264
2162719,2162719,25.031469907407409,1,0.88498814643154688
2251645,2251645,26.06070601851852,1,0.89477413310684262
2344229,2344229,27.132280092592591,1,0.90407898361860362
2440619,2440619,28.247905092592593,1,0.912893190713715
2540973,2540973,29.409409722222222,1,0.92121040000288312
2645453,2645453,30.618668981481481,1,0.92902689828476437
2754229,2754229,31.877650462962961,1,0.93634200653580557
2867477,2867477,33.188391203703702,1,0.9431579229186734
2985383,2985383,34.55304398148148,1,0.94947992478973364
3108136,3108136,35.9737962962963,1,0.95531590039410885
3235937,3235937,37.452974537037036,1,0.96067672192637643
3368992,3368992,38.992962962962963,1,0.96557573841613054
3507519,3507519,40.596284722222222,1,0.97002887179431785
3651741,3651741,42.265520833333333,1,0.97405412978528827
3801894,3801894,44.003402777777779,1,0.97767160073404424
3958221,3958221,45.812743055555558,1,0.98090298004165344
4120975,4120975,47.696469907407405,1,0.98377134968183
4290422,4290422,49.657662037037035,1,0.98630088635019875
4466836,4466836,51.699490740740742,1,0.98851643313184567
4650504,4650504,53.825277777777778,1,0.9904432381258319
4841724,4841724,56.038472222222225,1,0.99210658507576621
5040806,5040806,58.342662037037037,1,0.99353148372486688
5248075,5248075,60.741608796296298,1,0.99474238419599259
5463865,5463865,63.239178240740742,1,0.99576286409500192
5688529,5688529,65.839456018518518,1,0.99661544161827387
5922431,5922431,68.546655092592587,1,0.99732132754925595
6165950,6165950,71.365162037037038,1,0.9979002837935157
6419482,6419482,74.299560185185186,1,0.99837050513330972
6683439,6683439,77.354618055555562,1,0.99874853741280989
6958250,6958250,80.535300925925924,1,0.99904924436029729
7244360,7244360,83.846759259259258,1,0.99928581149823237
7542234,7542234,87.294375000000002,1,0.99946979019504112
7852356,7852356,90.883750000000006,1,0.99961116673324879
8175230,8175230,94.620717592592598,1,0.9997184594547377
8511380,8511380,98.511342592592598,1,0.99979883483198784
8861352,8861352,102.56194444444445,1,0.99985823735754431
9225714,9225714,106.77909722222222,1,0.99990152605998095
9605058,9605058,111.16965277777778,1,0.99993261329419891
10000000,10000000,115.74074074074075,1,0.99995460029724981
