"Task","Variant","ValueName","BinCenter","Density"
"SOC","Base","Weight","-1.3423255009999999","0.053649065651306151"
"SOC","Base","Weight","-1.312160883","0.005549903343238567"
"SOC","Base","Weight","-1.2819962650000001","0.0018499677810795223"
"SOC","Base","Weight","-1.2518316469999999","0.0018499677810795223"
"SOC","Base","Weight","-1.221667029","0.0018499677810795223"
"SOC","Base","Weight","-1.1915024110000001","0.0036999355621590447"
"SOC","Base","Weight","-1.161337793","0.0018499677810795223"
"SOC","Base","Weight","-1.131173175","0.011099806686477134"
"SOC","Base","Weight","-1.1010085570000001","0.0018499677810795223"
"SOC","Base","Weight","-1.070843939","0.005549903343238567"
"SOC","Base","Weight","-1.040679321","0.0036999355621590447"
"SOC","Base","Weight","-1.0105147029999999","0.0073998711243180894"
"SOC","Base","Weight","-0.98035008499999998","0.005549903343238567"
"SOC","Base","Weight","-0.95018546700000006","0.0036999355621590447"
"SOC","Base","Weight","-0.92002084899999992","0.005549903343238567"
"SOC","Base","Weight","-0.889856231","0.0018499677810795223"
"SOC","Base","Weight","-0.85969161299999997","0.0018499677810795223"
"SOC","Base","Weight","-0.82952699499999993","0.005549903343238567"
"SOC","Base","Weight","-0.79936237700000001","0.005549903343238567"
"SOC","Base","Weight","-0.76919775899999998","0.005549903343238567"
"SOC","Base","Weight","-0.73903314099999995","0.005549903343238567"
"SOC","Base","Weight","-0.70886852300000003","0.012949774467556657"
"SOC","Base","Weight","-0.678703905","0.011099806686477134"
"SOC","Base","Weight","-0.64853928699999996","0.0092498389053976126"
"SOC","Base","Weight","-0.61837466899999993","0.0036999355621590447"
"SOC","Base","Weight","-0.58821005100000001","0.0073998711243180894"
"SOC","Base","Weight","-0.55804543299999998","0.018499677810795225"
"SOC","Base","Weight","-0.52788081499999995","0.022199613372954268"
"SOC","Base","Weight","-0.49771619700000003","0.016649710029715704"
"SOC","Base","Weight","-0.46755157899999999","0.029599484497272358"
"SOC","Base","Weight","-0.43738696099999996","0.012949774467556657"
"SOC","Base","Weight","-0.40722234299999993","0.024049581154033793"
"SOC","Base","Weight","-0.37705772500000001","0.051799097870226629"
"SOC","Base","Weight","-0.34689310699999987","0.072148743462101372"
"SOC","Base","Weight","-0.31672848899999995","0.12024790577016896"
"SOC","Base","Weight","-0.28656387100000003","0.20719639148090652"
"SOC","Base","Weight","-0.25639925299999988","0.37369349177806355"
"SOC","Base","Weight","-0.22623463499999996","0.49579136532931201"
"SOC","Base","Weight","-0.19607001700000004","0.8602350182019779"
"SOC","Base","Weight","-0.1659053989999999","1.2487282522286776"
"SOC","Base","Weight","-0.13574078099999998","1.7981686832092958"
"SOC","Base","Weight","-0.10557616300000006","2.2514107895737787"
"SOC","Base","Weight","-0.075411544999999913","2.6769033792220691"
"SOC","Base","Weight","-0.045246926999999992","3.002497708692065"
"SOC","Base","Weight","-0.015082309000000071","3.1634449056459832"
"SOC","Base","Weight","0.015082309000000071","3.0653966132487689"
"SOC","Base","Weight","0.045246926999999992","2.9913979020055876"
"SOC","Base","Weight","0.075411545000000135","2.6584037014112738"
"SOC","Base","Weight","0.10557616300000006","2.269910467384574"
"SOC","Base","Weight","0.13574078099999998","1.8185183288011706"
"SOC","Base","Weight","0.16590539900000012","1.3190270279096996"
"SOC","Base","Weight","0.19607001700000004","0.76033675802368372"
"SOC","Base","Weight","0.22623463499999996","0.52169091426442538"
"SOC","Base","Weight","0.2563992530000001","0.33299420059431406"
"SOC","Base","Weight","0.28656387100000003","0.16834706807823654"
"SOC","Base","Weight","0.31672848899999995","0.099898260178294215"
"SOC","Base","Weight","0.34689310700000009","0.072148743462101372"
"SOC","Base","Weight","0.37705772500000001","0.068448807899942329"
"SOC","Base","Weight","0.40722234300000015","0.035149387840510929"
"SOC","Base","Weight","0.43738696100000007","0.024049581154033793"
"SOC","Base","Weight","0.46755157899999999","0.012949774467556657"
"SOC","Base","Weight","0.49771619700000014","0.012949774467556657"
"SOC","Base","Weight","0.52788081500000006","0.016649710029715704"
"SOC","Base","Weight","0.55804543299999998","0.027749516716192836"
"SOC","Base","Weight","0.58821005100000012","0.011099806686477134"
"SOC","Base","Weight","0.61837466900000004","0.0092498389053976126"
"SOC","Base","Weight","0.64853928699999996","0.016649710029715704"
"SOC","Base","Weight","0.67870390500000011","0.0092498389053976126"
"SOC","Base","Weight","0.70886852300000025","0.0092498389053976126"
"SOC","Base","Weight","0.73903314099999995","0.0092498389053976126"
"SOC","Base","Weight","0.76919775900000009","0.011099806686477134"
"SOC","Base","Weight","0.79936237700000023","0.0036999355621590447"
"SOC","Base","Weight","0.82952699499999993","0.0073998711243180894"
"SOC","Base","Weight","0.85969161300000008","0.005549903343238567"
"SOC","Base","Weight","0.88985623100000022","0.0018499677810795223"
"SOC","Base","Weight","0.92002084899999992","0.0092498389053976126"
"SOC","Base","Weight","0.95018546700000006","0.005549903343238567"
"SOC","Base","Weight","0.9803500850000002","0.0073998711243180894"
"SOC","Base","Weight","1.0105147029999999","0"
"SOC","Base","Weight","1.040679321","0.0073998711243180894"
"SOC","Base","Weight","1.0708439390000002","0.0092498389053976126"
"SOC","Base","Weight","1.1010085569999999","0"
"SOC","Base","Weight","1.131173175","0.0073998711243180894"
"SOC","Base","Weight","1.1613377930000002","0.005549903343238567"
"SOC","Base","Weight","1.1915024109999999","0.005549903343238567"
"SOC","Base","Weight","1.221667029","0.005549903343238567"
"SOC","Base","Weight","1.2518316470000002","0.0073998711243180894"
"SOC","Base","Weight","1.2819962649999999","0"
"SOC","Base","Weight","1.312160883","0.005549903343238567"
"SOC","Base","Weight","1.3423255010000001","0.073998711243180901"
"SOC","Pruned","Weight","-1.3423255009999999","0.14806190938069139"
"SOC","Pruned","Weight","-1.312160883","0.010833798247367663"
"SOC","Pruned","Weight","-1.2819962650000001","0.0072225321649117746"
"SOC","Pruned","Weight","-1.2518316469999999","0"
"SOC","Pruned","Weight","-1.221667029","0.0072225321649117746"
"SOC","Pruned","Weight","-1.1915024110000001","0.0036112660824558873"
"SOC","Pruned","Weight","-1.161337793","0.0036112660824558873"
"SOC","Pruned","Weight","-1.131173175","0.0036112660824558873"
"SOC","Pruned","Weight","-1.1010085570000001","0"
"SOC","Pruned","Weight","-1.070843939","0.0072225321649117746"
"SOC","Pruned","Weight","-1.040679321","0.0036112660824558873"
"SOC","Pruned","Weight","-1.0105147029999999","0.010833798247367663"
"SOC","Pruned","Weight","-0.98035008499999998","0.0036112660824558873"
"SOC","Pruned","Weight","-0.95018546700000006","0.0072225321649117746"
"SOC","Pruned","Weight","-0.92002084899999992","0.010833798247367663"
"SOC","Pruned","Weight","-0.889856231","0.0036112660824558873"
"SOC","Pruned","Weight","-0.85969161299999997","0"
"SOC","Pruned","Weight","-0.82952699499999993","0.0036112660824558873"
"SOC","Pruned","Weight","-0.79936237700000001","0.0036112660824558873"
"SOC","Pruned","Weight","-0.76919775899999998","0.021667596494735326"
"SOC","Pruned","Weight","-0.73903314099999995","0.0036112660824558873"
"SOC","Pruned","Weight","-0.70886852300000003","0.0072225321649117746"
"SOC","Pruned","Weight","-0.678703905","0.010833798247367663"
"SOC","Pruned","Weight","-0.64853928699999996","0.032501394742102986"
"SOC","Pruned","Weight","-0.61837466899999993","0.0036112660824558873"
"SOC","Pruned","Weight","-0.58821005100000001","0.018056330412279439"
"SOC","Pruned","Weight","-0.55804543299999998","0.018056330412279439"
"SOC","Pruned","Weight","-0.52788081499999995","0.021667596494735326"
"SOC","Pruned","Weight","-0.49771619700000003","0.057780257319294197"
"SOC","Pruned","Weight","-0.46755157899999999","0.046946459071926537"
"SOC","Pruned","Weight","-0.43738696099999996","0.072225321649117755"
"SOC","Pruned","Weight","-0.40722234299999993","0.083059119896485414"
"SOC","Pruned","Weight","-0.37705772500000001","0.10472671639122073"
"SOC","Pruned","Weight","-0.34689310699999987","0.18056330412279437"
"SOC","Pruned","Weight","-0.31672848899999995","0.22750976319472091"
"SOC","Pruned","Weight","-0.28656387100000003","0.30695761700875046"
"SOC","Pruned","Weight","-0.25639925299999988","0.49835471937891246"
"SOC","Pruned","Weight","-0.22623463499999996","0.74753207906836872"
"SOC","Pruned","Weight","-0.19607001700000004","0.9678193100981779"
"SOC","Pruned","Weight","-0.1659053989999999","1.3975599739104285"
"SOC","Pruned","Weight","-0.13574078099999998","1.5528444154560317"
"SOC","Pruned","Weight","-0.10557616300000006","2.0403653365875765"
"SOC","Pruned","Weight","-0.075411544999999913","2.4195482752454445"
"SOC","Pruned","Weight","-0.045246926999999992","2.6831706992647244"
"SOC","Pruned","Weight","-0.015082309000000071","2.6867819653471803"
"SOC","Pruned","Weight","0.015082309000000071","2.8023424799857688"
"SOC","Pruned","Weight","0.045246926999999992","2.5314975238015771"
"SOC","Pruned","Weight","0.075411545000000135","2.2281511728752825"
"SOC","Pruned","Weight","0.10557616300000006","2.1920385120507238"
"SOC","Pruned","Weight","0.13574078099999998","1.5997908745279581"
"SOC","Pruned","Weight","0.16590539900000012","1.3867261756630609"
"SOC","Pruned","Weight","0.19607001700000004","0.97143057618063378"
"SOC","Pruned","Weight","0.22623463499999996","0.78003347381047172"
"SOC","Pruned","Weight","0.2563992530000001","0.4911321872140007"
"SOC","Pruned","Weight","0.28656387100000003","0.38279420474032405"
"SOC","Pruned","Weight","0.31672848899999995","0.22028723102980913"
"SOC","Pruned","Weight","0.34689310700000009","0.19500836845261793"
"SOC","Pruned","Weight","0.37705772500000001","0.16250697371051495"
"SOC","Pruned","Weight","0.40722234300000015","0.057780257319294197"
"SOC","Pruned","Weight","0.43738696100000007","0.090281652061397183"
"SOC","Pruned","Weight","0.46755157899999999","0.032501394742102986"
"SOC","Pruned","Weight","0.49771619700000014","0.021667596494735326"
"SOC","Pruned","Weight","0.52788081500000006","0.010833798247367663"
"SOC","Pruned","Weight","0.55804543299999998","0.021667596494735326"
"SOC","Pruned","Weight","0.58821005100000012","0.036112660824558877"
"SOC","Pruned","Weight","0.61837466900000004","0.021667596494735326"
"SOC","Pruned","Weight","0.64853928699999996","0.014445064329823549"
"SOC","Pruned","Weight","0.67870390500000011","0.010833798247367663"
"SOC","Pruned","Weight","0.70886852300000025","0.018056330412279439"
"SOC","Pruned","Weight","0.73903314099999995","0.0072225321649117746"
"SOC","Pruned","Weight","0.76919775900000009","0.018056330412279439"
"SOC","Pruned","Weight","0.79936237700000023","0.021667596494735326"
"SOC","Pruned","Weight","0.82952699499999993","0.0072225321649117746"
"SOC","Pruned","Weight","0.85969161300000008","0.0072225321649117746"
"SOC","Pruned","Weight","0.88985623100000022","0.014445064329823549"
"SOC","Pruned","Weight","0.92002084899999992","0.0072225321649117746"
"SOC","Pruned","Weight","0.95018546700000006","0.014445064329823549"
"SOC","Pruned","Weight","0.9803500850000002","0.0036112660824558873"
"SOC","Pruned","Weight","1.0105147029999999","0.014445064329823549"
"SOC","Pruned","Weight","1.040679321","0.010833798247367663"
"SOC","Pruned","Weight","1.0708439390000002","0.010833798247367663"
"SOC","Pruned","Weight","1.1010085569999999","0.010833798247367663"
"SOC","Pruned","Weight","1.131173175","0.018056330412279439"
"SOC","Pruned","Weight","1.1613377930000002","0.0072225321649117746"
"SOC","Pruned","Weight","1.1915024109999999","0.010833798247367663"
"SOC","Pruned","Weight","1.221667029","0.0036112660824558873"
"SOC","Pruned","Weight","1.2518316470000002","0.0036112660824558873"
"SOC","Pruned","Weight","1.2819962649999999","0.0072225321649117746"
"SOC","Pruned","Weight","1.312160883","0.025278862577191214"
"SOC","Pruned","Weight","1.3423255010000001","0.19861963453507381"
"SOH","Base","Weight","-2.5682808418888889","0.084350800079929844"
"SOH","Base","Weight","-2.510566665666667","0.01237481797579809"
"SOH","Base","Weight","-2.4528524894444446","0.021466520978425257"
"SOH","Base","Weight","-2.3951383132222226","0.016920669477111676"
"SOH","Base","Weight","-2.3374241370000002","0.019193595227768465"
"SOH","Base","Weight","-2.2797099607777778","0.026264919785367376"
"SOH","Base","Weight","-2.2219957845555558","0.02778020361913857"
"SOH","Base","Weight","-2.1642816083333334","0.030053129369795362"
"SOH","Base","Weight","-2.1065674321111114","0.035104075482366014"
"SOH","Base","Weight","-2.048853255888889","0.041165210817450788"
"SOH","Base","Weight","-1.9911390796666668","0.044953420401878774"
"SOH","Base","Weight","-1.9334249034444446","0.054297670710134478"
"SOH","Base","Weight","-1.8757107272222222","0.060106258739590725"
"SOH","Base","Weight","-1.8179965510000002","0.056318049155162739"
"SOH","Base","Weight","-1.7602823747777778","0.073996360549160006"
"SOH","Base","Weight","-1.7025681985555556","0.079552401272987724"
"SOH","Base","Weight","-1.6448540223333334","0.088896651581243422"
"SOH","Base","Weight","-1.5871398461111113","0.10177656416829858"
"SOH","Base","Weight","-1.5294256698888891","0.11339374022721108"
"SOH","Base","Weight","-1.4717114936666666","0.12122270670169558"
"SOH","Base","Weight","-1.4139973174444445","0.13006186239869422"
"SOH","Base","Weight","-1.3562831412222223","0.13637554503940752"
"SOH","Base","Weight","-1.2985689650000001","0.15506404565591891"
"SOH","Base","Weight","-1.2408547887777779","0.18739010077637108"
"SOH","Base","Weight","-1.1831406125555557","0.19698689839025532"
"SOH","Base","Weight","-1.1254264363333335","0.21744323014616643"
"SOH","Base","Weight","-1.0677122601111111","0.2303231427332216"
"SOH","Base","Weight","-1.0099980838888889","0.24421324454279089"
"SOH","Base","Weight","-0.95228390766666671","0.25835589365798872"
"SOH","Base","Weight","-0.89456973144444452","0.26770014396624442"
"SOH","Base","Weight","-0.83685555522222232","0.29522780027975443"
"SOH","Base","Weight","-0.77914137900000013","0.30002619908669653"
"SOH","Base","Weight","-0.72142720277777772","0.3174519631750653"
"SOH","Base","Weight","-0.66371302655555553","0.3394235787647476"
"SOH","Base","Weight","-0.60599885033333334","0.3502831129067745"
"SOH","Base","Weight","-0.54828467411111115","0.36215283627131556"
"SOH","Base","Weight","-0.49057049788888873","0.36114264704880139"
"SOH","Base","Weight","-0.43285632166666677","0.38235662072159815"
"SOH","Base","Weight","-0.37514214544444435","0.39826710097619566"
"SOH","Base","Weight","-0.31742796922222238","0.40735880397882285"
"SOH","Base","Weight","-0.25971379299999997","0.40937918242385113"
"SOH","Base","Weight","-0.201999616777778","0.41569286506456443"
"SOH","Base","Weight","-0.14428544055555559","0.42857277765161955"
"SOH","Base","Weight","-0.086571264333333176","0.42402692615030596"
"SOH","Base","Weight","-0.028857088111111207","0.41645050698145003"
"SOH","Base","Weight","0.028857088111111207","0.43337117645856171"
"SOH","Base","Weight","0.086571264333333176","0.44018995371053204"
"SOH","Base","Weight","0.14428544055555559","0.42251164231653476"
"SOH","Base","Weight","0.201999616777778","0.43463391298670434"
"SOH","Base","Weight","0.25971379299999997","0.41038937164636524"
"SOH","Base","Weight","0.31742796922222238","0.40710625667319433"
"SOH","Base","Weight","0.37514214544444435","0.37907350574842719"
"SOH","Base","Weight","0.43285632166666677","0.40003493211559538"
"SOH","Base","Weight","0.49057049788888873","0.37124453927394269"
"SOH","Base","Weight","0.54828467411111115","0.37250727580208537"
"SOH","Base","Weight","0.60599885033333356","0.33412008534654841"
"SOH","Base","Weight","0.66371302655555553","0.31416884820189439"
"SOH","Base","Weight","0.72142720277777794","0.32502838234392128"
"SOH","Base","Weight","0.77914137899999991","0.30558223981052429"
"SOH","Base","Weight","0.83685555522222232","0.27199344816192944"
"SOH","Base","Weight","0.89456973144444429","0.25229475832290393"
"SOH","Base","Weight","0.95228390766666671","0.25027437987787565"
"SOH","Base","Weight","1.0099980838888891","0.20910916906042487"
"SOH","Base","Weight","1.0677122601111111","0.21643304092365231"
"SOH","Base","Weight","1.1254264363333335","0.20279548641971157"
"SOH","Base","Weight","1.1831406125555555","0.18713755347074254"
"SOH","Base","Weight","1.2408547887777779","0.17299490435554474"
"SOH","Base","Weight","1.2985689650000003","0.1570844241009472"
"SOH","Base","Weight","1.3562831412222223","0.14420451151389202"
"SOH","Base","Weight","1.4139973174444447","0.13309243006623661"
"SOH","Base","Weight","1.4717114936666671","0.10960553064278308"
"SOH","Base","Weight","1.5294256698888886","0.10329184800206977"
"SOH","Base","Weight","1.587139846111111","0.10177656416829858"
"SOH","Base","Weight","1.6448540223333334","0.072481076715388809"
"SOH","Base","Weight","1.7025681985555559","0.071470887492874682"
"SOH","Base","Weight","1.7602823747777783","0.070713245575989084"
"SOH","Base","Weight","1.8179965509999998","0.06869286713096083"
"SOH","Base","Weight","1.8757107272222222","0.062126637184618985"
"SOH","Base","Weight","1.9334249034444446","0.047731440763792633"
"SOH","Base","Weight","1.991139079666667","0.049751819208820894"
"SOH","Base","Weight","2.0488532558888894","0.038134643149908401"
"SOH","Base","Weight","2.106567432111111","0.033588791648594817"
"SOH","Base","Weight","2.1642816083333334","0.027527656313510038"
"SOH","Base","Weight","2.2219957845555558","0.027527656313510038"
"SOH","Base","Weight","2.2797099607777782","0.018941047922139933"
"SOH","Base","Weight","2.3374241369999997","0.015405385643340479"
"SOH","Base","Weight","2.3951383132222221","0.017173216782740208"
"SOH","Base","Weight","2.4528524894444446","0.016415574865854609"
"SOH","Base","Weight","2.510566665666667","0.016163027560226077"
"SOH","Base","Weight","2.5682808418888894","0.069955603659103485"
"SOH","Pruned","Weight","-2.5682808418888889","0.11581258219889767"
"SOH","Pruned","Weight","-2.510566665666667","0.013035182411997141"
"SOH","Pruned","Weight","-2.4528524894444446","0.023563598975533295"
"SOH","Pruned","Weight","-2.3951383132222226","0.02005412678768791"
"SOH","Pruned","Weight","-2.3374241370000002","0.025067658484609887"
"SOH","Pruned","Weight","-2.2797099607777778","0.031585249690608455"
"SOH","Pruned","Weight","-2.2219957845555558","0.033089309199685051"
"SOH","Pruned","Weight","-2.1642816083333334","0.033590662369377251"
"SOH","Pruned","Weight","-2.1065674321111114","0.044620432102605599"
"SOH","Pruned","Weight","-2.048853255888889","0.04261501942383681"
"SOH","Pruned","Weight","-1.9911390796666668","0.043116372593529004"
"SOH","Pruned","Weight","-1.9334249034444446","0.064173205720601312"
"SOH","Pruned","Weight","-1.8757107272222222","0.059159674023679332"
"SOH","Pruned","Weight","-1.8179965510000002","0.063671852550909111"
"SOH","Pruned","Weight","-1.7602823747777778","0.08272327299921263"
"SOH","Pruned","Weight","-1.7025681985555556","0.079715153981059439"
"SOH","Pruned","Weight","-1.6448540223333334","0.091747630053672188"
"SOH","Pruned","Weight","-1.5871398461111113","0.10528416563536153"
"SOH","Pruned","Weight","-1.5294256698888891","0.11180175684136009"
"SOH","Pruned","Weight","-1.4717114936666666","0.11430852268982108"
"SOH","Pruned","Weight","-1.4139973174444445","0.13887482800473877"
"SOH","Pruned","Weight","-1.3562831412222223","0.13737076849566218"
"SOH","Pruned","Weight","-1.2985689650000001","0.15491812943488911"
"SOH","Pruned","Weight","-1.2408547887777779","0.18449796644672878"
"SOH","Pruned","Weight","-1.1831406125555557","0.19602908934964933"
"SOH","Pruned","Weight","-1.1254264363333335","0.2241048668524124"
"SOH","Pruned","Weight","-1.0677122601111111","0.22510757319179678"
"SOH","Pruned","Weight","-1.0099980838888889","0.24766846582794569"
"SOH","Pruned","Weight","-0.95228390766666671","0.26421312042778822"
"SOH","Pruned","Weight","-0.89456973144444452","0.26220770774901941"
"SOH","Pruned","Weight","-0.83685555522222232","0.28677401306393713"
"SOH","Pruned","Weight","-0.77914137900000013","0.30181460815470307"
"SOH","Pruned","Weight","-0.72142720277777772","0.30732949302131723"
"SOH","Pruned","Weight","-0.66371302655555553","0.3173565564151612"
"SOH","Pruned","Weight","-0.60599885033333334","0.34092015539069448"
"SOH","Pruned","Weight","-0.54828467411111115","0.36498510753591995"
"SOH","Pruned","Weight","-0.49057049788888873","0.34543233391792427"
"SOH","Pruned","Weight","-0.43285632166666677","0.36699052021468875"
"SOH","Pruned","Weight","-0.37514214544444435","0.40108253575375818"
"SOH","Pruned","Weight","-0.31742796922222238","0.39757306356591282"
"SOH","Pruned","Weight","-0.25971379299999997","0.39306088503868303"
"SOH","Pruned","Weight","-0.201999616777778","0.40609606745068016"
"SOH","Pruned","Weight","-0.14428544055555559","0.41862989669298512"
"SOH","Pruned","Weight","-0.086571264333333176","0.41110959914760214"
"SOH","Pruned","Weight","-0.028857088111111207","0.3940635913780674"
"SOH","Pruned","Weight","0.028857088111111207","0.42163801571113829"
"SOH","Pruned","Weight","0.086571264333333176","0.43968672982005741"
"SOH","Pruned","Weight","0.14428544055555559","0.41010689280821777"
"SOH","Pruned","Weight","0.201999616777778","0.4191312498626773"
"SOH","Pruned","Weight","0.25971379299999997","0.40609606745068016"
"SOH","Pruned","Weight","0.31742796922222238","0.40760012695975678"
"SOH","Pruned","Weight","0.37514214544444435","0.35144857195423063"
"SOH","Pruned","Weight","0.43285632166666677","0.37150269874191855"
"SOH","Pruned","Weight","0.49057049788888873","0.37902299628730152"
"SOH","Pruned","Weight","0.54828467411111115","0.35746480999053698"
"SOH","Pruned","Weight","0.60599885033333356","0.33089309199685052"
"SOH","Pruned","Weight","0.66371302655555553","0.31184167154854697"
"SOH","Pruned","Weight","0.72142720277777794","0.32688226663931291"
"SOH","Pruned","Weight","0.77914137899999991","0.30933490570008598"
"SOH","Pruned","Weight","0.83685555522222232","0.27624559650040098"
"SOH","Pruned","Weight","0.89456973144444429","0.25017523167640665"
"SOH","Pruned","Weight","0.95228390766666671","0.24215358096133152"
"SOH","Pruned","Weight","1.0099980838888891","0.21307509711918404"
"SOH","Pruned","Weight","1.0677122601111111","0.23563598975533295"
"SOH","Pruned","Weight","1.1254264363333335","0.20856291859195425"
"SOH","Pruned","Weight","1.1831406125555555","0.2025466805556479"
"SOH","Pruned","Weight","1.2408547887777779","0.17346819671350042"
"SOH","Pruned","Weight","1.2985689650000003","0.15592083577427349"
"SOH","Pruned","Weight","1.3562831412222223","0.14739783188950614"
"SOH","Pruned","Weight","1.4139973174444447","0.14238430019258416"
"SOH","Pruned","Weight","1.4717114936666671","0.1123031100110523"
"SOH","Pruned","Weight","1.5294256698888886","0.11882070121705086"
"SOH","Pruned","Weight","1.587139846111111","0.1092949909928991"
"SOH","Pruned","Weight","1.6448540223333334","0.074701622284137459"
"SOH","Pruned","Weight","1.7025681985555559","0.077208388132598449"
"SOH","Pruned","Weight","1.7602823747777783","0.085731392017365821"
"SOH","Pruned","Weight","1.8179965509999998","0.07319756277506087"
"SOH","Pruned","Weight","1.8757107272222222","0.069688090587215493"
"SOH","Pruned","Weight","1.9334249034444446","0.051639376478296369"
"SOH","Pruned","Weight","1.991139079666667","0.058658320853987138"
"SOH","Pruned","Weight","2.0488532558888894","0.042113666254144609"
"SOH","Pruned","Weight","2.106567432111111","0.036598781387530435"
"SOH","Pruned","Weight","2.1642816083333334","0.027574424333070877"
"SOH","Pruned","Weight","2.2219957845555558","0.030582543351224064"
"SOH","Pruned","Weight","2.2797099607777782","0.019552773617995713"
"SOH","Pruned","Weight","2.3374241369999997","0.0095257102241517577"
"SOH","Pruned","Weight","2.3951383132222221","0.022059539466456699"
"SOH","Pruned","Weight","2.4528524894444446","0.021558186296764502"
"SOH","Pruned","Weight","2.510566665666667","0.02005412678768791"
"SOH","Pruned","Weight","2.5682808418888894","0.088739511035518998"
