cell,window_id,soh_state,cell_load_class,model,alias,current_offset_a,mae,rmse,p95_error,max_error,bias,evaluation_start_sample,evaluation_samples,summary_path,baseline_mae,baseline_rmse,baseline_p95_error,baseline_bias,delta_mae,delta_rmse,delta_p95_error
C09,C09_fresh,fresh,middle,DM,current_offset_neg_50mA,-0.05,0.3249154389857572,0.37406397761654153,0.6093846321105957,0.652906596660614,-0.32458419229294283,2023,84377,/home/florianr/MG_Farm/1_Scripts/DL_Models/LFP_SOC_SOH_Model/4_simulation_environment/campaigns/jes2_current_offset_C09_20260901/runs/C09/C09_fresh/current_offset_neg_50mA/seed_42/no_soh/DM/summary.json,0.0134506010831181,0.0155956111690928,0.0261764883995056,0.0134506010831181,0.3114648379026391,0.3584683664474487,0.5832081437110901
C09,C09_fresh,fresh,middle,HDM,current_offset_neg_50mA,-0.05,0.35125652877168506,0.3989321236136447,0.6440269410610199,0.688596826948924,-0.35125652877168506,2023,84377,/home/florianr/MG_Farm/1_Scripts/DL_Models/LFP_SOC_SOH_Model/4_simulation_environment/campaigns/jes2_current_offset_C09_20260901/runs/C09/C09_fresh/current_offset_neg_50mA/seed_42/lstm_h1/HDM/summary.json,0.0033431541858336,0.0038204196355222,0.0064262270927429,0.0033431541858336,0.3479133745858515,0.3951117039781225,0.637600713968277
C09,C09_fresh,fresh,middle,HECM,current_offset_neg_50mA,-0.05,0.27799110623245876,0.3225166446674196,0.4892066128869594,0.5033904412458472,-0.270679383736411,2023,84377,/home/florianr/MG_Farm/1_Scripts/DL_Models/LFP_SOC_SOH_Model/4_simulation_environment/campaigns/jes2_current_offset_C09_20260901/runs/C09/C09_fresh/current_offset_neg_50mA/seed_42/lstm_h1/HECM/summary.json,0.0058021908290407,0.0085185409411417,0.0211458083389242,0.0047155999472401,0.27218891540341805,0.3139981037262779,0.46806080454803517
C09,C09_fresh,fresh,middle,DD,current_offset_neg_50mA,-0.05,0.01541373017347451,0.02100668277156298,0.04697042107582091,0.07371687889099121,0.0006464654490291817,2023,84377,/home/florianr/MG_Farm/1_Scripts/DL_Models/LFP_SOC_SOH_Model/4_simulation_environment/campaigns/jes2_current_offset_C09_20260901/runs/C09/C09_fresh/current_offset_neg_50mA/seed_42/lstm_h1/DD/summary.json,0.0092362251339521,0.011228615287154,0.0232746601104736,-0.0079160585493486,0.0061775050395224095,0.00977806748440898,0.02369576096534731
C09,C09_fresh,fresh,middle,DM,current_offset_pos_50mA,0.05,0.21664084703313471,0.25095827757746725,0.45354604721069336,0.5235404372215271,0.21664084703313471,2023,84377,/home/florianr/MG_Farm/1_Scripts/DL_Models/LFP_SOC_SOH_Model/4_simulation_environment/campaigns/jes2_current_offset_C09_20260901/runs/C09/C09_fresh/current_offset_pos_50mA/seed_42/no_soh/DM/summary.json,0.0134506010831181,0.0155956111690928,0.0261764883995056,0.0134506010831181,0.2031902459500166,0.23536266640837444,0.42736955881118777
C09,C09_fresh,fresh,middle,HDM,current_offset_pos_50mA,0.05,0.21239200886040865,0.249050007327359,0.45354604721069336,0.5235404372215271,0.21239200886040865,2023,84377,/home/florianr/MG_Farm/1_Scripts/DL_Models/LFP_SOC_SOH_Model/4_simulation_environment/campaigns/jes2_current_offset_C09_20260901/runs/C09/C09_fresh/current_offset_pos_50mA/seed_42/lstm_h1/HDM/summary.json,0.0033431541858336,0.0038204196355222,0.0064262270927429,0.0033431541858336,0.20904885467457504,0.24522958769183678,0.4471198201179505
C09,C09_fresh,fresh,middle,HECM,current_offset_pos_50mA,0.05,0.04357227816089622,0.04604916396925006,0.0674608071733946,0.08037527412408674,0.04325412846833783,2023,84377,/home/florianr/MG_Farm/1_Scripts/DL_Models/LFP_SOC_SOH_Model/4_simulation_environment/campaigns/jes2_current_offset_C09_20260901/runs/C09/C09_fresh/current_offset_pos_50mA/seed_42/lstm_h1/HECM/summary.json,0.0058021908290407,0.0085185409411417,0.0211458083389242,0.0047155999472401,0.037770087331855516,0.03753062302810836,0.046314998834470406
C09,C09_fresh,fresh,middle,DD,current_offset_pos_50mA,0.05,0.029000129592174174,0.03512743725953381,0.06102350950241088,0.07819467782974243,0.027304999104835945,2023,84377,/home/florianr/MG_Farm/1_Scripts/DL_Models/LFP_SOC_SOH_Model/4_simulation_environment/campaigns/jes2_current_offset_C09_20260901/runs/C09/C09_fresh/current_offset_pos_50mA/seed_42/lstm_h1/DD/summary.json,0.0092362251339521,0.011228615287154,0.0232746601104736,-0.0079160585493486,0.019763904458222074,0.02389882197237981,0.037748849391937275
C09,C09_mid_life,mid_life,middle,DM,current_offset_neg_50mA,-0.05,0.11632162161685122,0.1588490153281385,0.3490609765052795,0.40371477603912354,-0.11178937630434921,2023,84377,/home/florianr/MG_Farm/1_Scripts/DL_Models/LFP_SOC_SOH_Model/4_simulation_environment/campaigns/jes2_current_offset_C09_20260901/runs/C09/C09_mid_life/current_offset_neg_50mA/seed_42/no_soh/DM/summary.json,0.0626828293408978,0.0670822772129533,0.0861895740032196,0.0626828293408978,0.05363879227595342,0.0917667381151852,0.2628714025020599
C09,C09_mid_life,mid_life,middle,HDM,current_offset_neg_50mA,-0.05,0.1515068634239296,0.19215055543024012,0.3850507080554962,0.43021059036254883,-0.15067263423726157,2023,84377,/home/florianr/MG_Farm/1_Scripts/DL_Models/LFP_SOC_SOH_Model/4_simulation_environment/campaigns/jes2_current_offset_C09_20260901/runs/C09/C09_mid_life/current_offset_neg_50mA/seed_42/lstm_h1/HDM/summary.json,0.0360258258530536,0.0385000417391061,0.0499620348215103,0.0360258258530536,0.11548103757087601,0.15365051369113403,0.3350886732339859
C09,C09_mid_life,mid_life,middle,HECM,current_offset_neg_50mA,-0.05,0.16150049502813363,0.19385918230992538,0.29775766683140464,0.302172023062355,-0.13198606737044674,2023,84377,/home/florianr/MG_Farm/1_Scripts/DL_Models/LFP_SOC_SOH_Model/4_simulation_environment/campaigns/jes2_current_offset_C09_20260901/runs/C09/C09_mid_life/current_offset_neg_50mA/seed_42/lstm_h1/HECM/summary.json,0.0205706040354118,0.0248149187237715,0.0452903794374894,-0.0169010256371395,0.14092989099272182,0.16904426358615388,0.2524672873939152
C09,C09_mid_life,mid_life,middle,DD,current_offset_neg_50mA,-0.05,0.10846658521486983,0.13312172977224473,0.2697438597679138,0.3056599497795105,-0.1071593410957838,2023,84377,/home/florianr/MG_Farm/1_Scripts/DL_Models/LFP_SOC_SOH_Model/4_simulation_environment/campaigns/jes2_current_offset_C09_20260901/runs/C09/C09_mid_life/current_offset_neg_50mA/seed_42/lstm_h1/DD/summary.json,0.0403248585827247,0.0431324192970171,0.0573104679584503,0.040027621377286,0.06814172663214513,0.08998931047522764,0.21243339180946352
C09,C09_mid_life,mid_life,middle,DM,current_offset_pos_50mA,0.05,0.22100867443591202,0.24155501300540255,0.36143672466278076,0.39061516523361206,0.22100867443591202,2023,84377,/home/florianr/MG_Farm/1_Scripts/DL_Models/LFP_SOC_SOH_Model/4_simulation_environment/campaigns/jes2_current_offset_C09_20260901/runs/C09/C09_mid_life/current_offset_pos_50mA/seed_42/no_soh/DM/summary.json,0.0626828293408978,0.0670822772129533,0.0861895740032196,0.0626828293408978,0.1583258450950142,0.17447273579244926,0.2752471506595612
C09,C09_mid_life,mid_life,middle,HDM,current_offset_pos_50mA,0.05,0.19178801893987835,0.2149826283970334,0.34989482164382935,0.38114362955093384,0.19178801893987835,2023,84377,/home/florianr/MG_Farm/1_Scripts/DL_Models/LFP_SOC_SOH_Model/4_simulation_environment/campaigns/jes2_current_offset_C09_20260901/runs/C09/C09_mid_life/current_offset_pos_50mA/seed_42/lstm_h1/HDM/summary.json,0.0360258258530536,0.0385000417391061,0.0499620348215103,0.0360258258530536,0.15576219308682476,0.1764825866579273,0.29993278682231905
C09,C09_mid_life,mid_life,middle,HECM,current_offset_pos_50mA,0.05,0.11419311223247754,0.13508539302080594,0.24892182192798912,0.2850212863728422,0.11419056979198926,2023,84377,/home/florianr/MG_Farm/1_Scripts/DL_Models/LFP_SOC_SOH_Model/4_simulation_environment/campaigns/jes2_current_offset_C09_20260901/runs/C09/C09_mid_life/current_offset_pos_50mA/seed_42/lstm_h1/HECM/summary.json,0.0205706040354118,0.0248149187237715,0.0452903794374894,-0.0169010256371395,0.09362250819706573,0.11027047429703443,0.20363144249049972
C09,C09_mid_life,mid_life,middle,DD,current_offset_pos_50mA,0.05,0.18186167148128232,0.20591784464904936,0.3440635561943054,0.3738631010055542,0.18160692445921278,2023,84377,/home/florianr/MG_Farm/1_Scripts/DL_Models/LFP_SOC_SOH_Model/4_simulation_environment/campaigns/jes2_current_offset_C09_20260901/runs/C09/C09_mid_life/current_offset_pos_50mA/seed_42/lstm_h1/DD/summary.json,0.0403248585827247,0.0431324192970171,0.0573104679584503,0.040027621377286,0.14153681289855763,0.16278542535203228,0.2867530882358551
C09,C09_aged,aged,middle,DM,current_offset_neg_50mA,-0.05,0.2482545858795982,0.29487333839484314,0.5248220458626747,0.6129334419965744,-0.21658348210669445,2023,84377,/home/florianr/MG_Farm/1_Scripts/DL_Models/LFP_SOC_SOH_Model/4_simulation_environment/campaigns/jes2_current_offset_C09_20260901/runs/C09/C09_aged/current_offset_neg_50mA/seed_42/no_soh/DM/summary.json,0.117361983235403,0.1275426105813032,0.192950215935707,0.117361983235403,0.1308926026441952,0.16733072781353994,0.3318718299269677
C09,C09_aged,aged,middle,HDM,current_offset_neg_50mA,-0.05,0.33527990609303565,0.3860721126463978,0.6615950152277946,0.7775287181138992,-0.3324124815013584,2023,84377,/home/florianr/MG_Farm/1_Scripts/DL_Models/LFP_SOC_SOH_Model/4_simulation_environment/campaigns/jes2_current_offset_C09_20260901/runs/C09/C09_aged/current_offset_neg_50mA/seed_42/lstm_h1/HDM/summary.json,0.0625744673761349,0.0680803847638879,0.1041448146104812,0.0625744673761349,0.2727054387169008,0.3179917278825099,0.5574502006173134
C09,C09_aged,aged,middle,HECM,current_offset_neg_50mA,-0.05,0.24101048621256962,0.2580780987287768,0.33279704274108374,0.3422728993848343,-0.23244526171444296,2023,84377,/home/florianr/MG_Farm/1_Scripts/DL_Models/LFP_SOC_SOH_Model/4_simulation_environment/campaigns/jes2_current_offset_C09_20260901/runs/C09/C09_aged/current_offset_neg_50mA/seed_42/lstm_h1/HECM/summary.json,0.067389504100934,0.0721201467921016,0.1067752275404118,-0.0659843792182769,0.17362098211163562,0.1859579519366752,0.22602181520067194
C09,C09_aged,aged,middle,DD,current_offset_neg_50mA,-0.05,0.02231924056563023,0.028359843114389497,0.050113749504089346,0.1089775562286377,0.002019481730208091,2023,84377,/home/florianr/MG_Farm/1_Scripts/DL_Models/LFP_SOC_SOH_Model/4_simulation_environment/campaigns/jes2_current_offset_C09_20260901/runs/C09/C09_aged/current_offset_neg_50mA/seed_42/lstm_h1/DD/summary.json,0.0352819055528643,0.0425986586433401,0.073677921295166,-0.0214972737868626,-0.012962664987234068,-0.014238815528950604,-0.02356417179107665
C09,C09_aged,aged,middle,DM,current_offset_pos_50mA,0.05,0.3592178771121182,0.38890369900764343,0.6427717626094818,0.7429128587245941,0.3592178771121182,2023,84377,/home/florianr/MG_Farm/1_Scripts/DL_Models/LFP_SOC_SOH_Model/4_simulation_environment/campaigns/jes2_current_offset_C09_20260901/runs/C09/C09_aged/current_offset_pos_50mA/seed_42/no_soh/DM/summary.json,0.117361983235403,0.1275426105813032,0.192950215935707,0.117361983235403,0.24185589387671522,0.2613610884263402,0.4498215466737748
C09,C09_aged,aged,middle,HDM,current_offset_pos_50mA,0.05,0.3334530896225873,0.37163873644648804,0.6377394795417786,0.7429128587245941,0.3334530896225873,2023,84377,/home/florianr/MG_Farm/1_Scripts/DL_Models/LFP_SOC_SOH_Model/4_simulation_environment/campaigns/jes2_current_offset_C09_20260901/runs/C09/C09_aged/current_offset_pos_50mA/seed_42/lstm_h1/HDM/summary.json,0.0625744673761349,0.0680803847638879,0.1041448146104812,0.0625744673761349,0.2708786222464524,0.30355835168260015,0.5335946649312974
C09,C09_aged,aged,middle,HECM,current_offset_pos_50mA,0.05,0.14381394466336486,0.1535295374582256,0.18700512115993306,0.19422540913028602,0.1415991077446964,2023,84377,/home/florianr/MG_Farm/1_Scripts/DL_Models/LFP_SOC_SOH_Model/4_simulation_environment/campaigns/jes2_current_offset_C09_20260901/runs/C09/C09_aged/current_offset_pos_50mA/seed_42/lstm_h1/HECM/summary.json,0.067389504100934,0.0721201467921016,0.1067752275404118,-0.0659843792182769,0.07642444056243086,0.08140939066612399,0.08022989361952126
C09,C09_aged,aged,middle,DD,current_offset_pos_50mA,0.05,0.02623047417509003,0.03550140275907527,0.07417323589324946,0.1297130286693573,0.01840204916571463,2023,84377,/home/florianr/MG_Farm/1_Scripts/DL_Models/LFP_SOC_SOH_Model/4_simulation_environment/campaigns/jes2_current_offset_C09_20260901/runs/C09/C09_aged/current_offset_pos_50mA/seed_42/lstm_h1/DD/summary.json,0.0352819055528643,0.0425986586433401,0.073677921295166,-0.0214972737868626,-0.009051431377774269,-0.007097255884264832,0.0004953145980834683
C13,C13_fresh,fresh,middle,DM,current_offset_neg_50mA,-0.05,0.3301106982090129,0.3786080059411283,0.614194107055664,0.6617121547460556,-0.3301106982090129,2023,84377,/home/florianr/MG_Farm/1_Scripts/DL_Models/LFP_SOC_SOH_Model/4_simulation_environment/campaigns/jes2_current_offset_C13_20260901/runs/C13/C13_fresh/current_offset_neg_50mA/seed_42/no_soh/DM/summary.json,0.0083664711995873,0.0095918187545545,0.0150209665298461,0.0083664711995873,0.3217442270094256,0.3690161871865738,0.5991731405258179
C13,C13_fresh,fresh,middle,HDM,current_offset_neg_50mA,-0.05,0.3592744874328003,0.40665433951351215,0.6507541298866272,0.7035388350486755,-0.3592744874328003,2023,84377,/home/florianr/MG_Farm/1_Scripts/DL_Models/LFP_SOC_SOH_Model/4_simulation_environment/campaigns/jes2_current_offset_C13_20260901/runs/C13/C13_fresh/current_offset_neg_50mA/seed_42/lstm_h1/HDM/summary.json,0.0055303955649381,0.0063684559261026,0.0096247196197509,-0.0055303955649381,0.3537440918678622,0.4002858835874096,0.6411294102668763
C13,C13_fresh,fresh,middle,HECM,current_offset_neg_50mA,-0.05,0.2715536768931432,0.3179085629245884,0.4909868128399241,0.5066724262615115,-0.2639931192434236,2023,84377,/home/florianr/MG_Farm/1_Scripts/DL_Models/LFP_SOC_SOH_Model/4_simulation_environment/campaigns/jes2_current_offset_C13_20260901/runs/C13/C13_fresh/current_offset_neg_50mA/seed_42/lstm_h1/HECM/summary.json,0.0079032463112629,0.011841736401757,0.0301734874986844,0.0013234526464523,0.2636504305818803,0.3060668265228314,0.4608133253412397
C13,C13_fresh,fresh,middle,DD,current_offset_neg_50mA,-0.05,0.013527268986842384,0.01803745463022113,0.03989401757717132,0.05394613742828369,-0.008768794057689062,2023,84377,/home/florianr/MG_Farm/1_Scripts/DL_Models/LFP_SOC_SOH_Model/4_simulation_environment/campaigns/jes2_current_offset_C13_20260901/runs/C13/C13_fresh/current_offset_neg_50mA/seed_42/lstm_h1/DD/summary.json,0.0230671914019996,0.026526985817139,0.0500548124313354,-0.022958753506029,-0.009539922415157217,-0.008489531186917868,-0.01016079485416408
C13,C13_fresh,fresh,middle,DM,current_offset_pos_50mA,0.05,0.2107669398290675,0.2446274517073495,0.4426876664161682,0.5099512338638306,0.2107669398290675,2023,84377,/home/florianr/MG_Farm/1_Scripts/DL_Models/LFP_SOC_SOH_Model/4_simulation_environment/campaigns/jes2_current_offset_C13_20260901/runs/C13/C13_fresh/current_offset_pos_50mA/seed_42/no_soh/DM/summary.json,0.0083664711995873,0.0095918187545545,0.0150209665298461,0.0083664711995873,0.2024004686294802,0.235035632952795,0.4276666998863221
C13,C13_fresh,fresh,middle,HDM,current_offset_pos_50mA,0.05,0.2066710818291696,0.24278402641719574,0.44128004312515257,0.5099512338638306,0.2066710818291696,2023,84377,/home/florianr/MG_Farm/1_Scripts/DL_Models/LFP_SOC_SOH_Model/4_simulation_environment/campaigns/jes2_current_offset_C13_20260901/runs/C13/C13_fresh/current_offset_pos_50mA/seed_42/lstm_h1/HDM/summary.json,0.0055303955649381,0.0063684559261026,0.0096247196197509,-0.0055303955649381,0.2011406862642315,0.23641557049109313,0.43165532350540164
C13,C13_fresh,fresh,middle,HECM,current_offset_pos_50mA,0.05,0.03625431822003438,0.037875018252743746,0.05447438985623156,0.07692320245652373,0.03546152147878884,2023,84377,/home/florianr/MG_Farm/1_Scripts/DL_Models/LFP_SOC_SOH_Model/4_simulation_environment/campaigns/jes2_current_offset_C13_20260901/runs/C13/C13_fresh/current_offset_pos_50mA/seed_42/lstm_h1/HECM/summary.json,0.0079032463112629,0.011841736401757,0.0301734874986844,0.0013234526464523,0.02835107190877148,0.026033281850986745,0.02430090235754716
C13,C13_fresh,fresh,middle,DD,current_offset_pos_50mA,0.05,0.015557611128700796,0.01817532466973972,0.03254183530807494,0.04470491409301758,0.004660920530359494,2023,84377,/home/florianr/MG_Farm/1_Scripts/DL_Models/LFP_SOC_SOH_Model/4_simulation_environment/campaigns/jes2_current_offset_C13_20260901/runs/C13/C13_fresh/current_offset_pos_50mA/seed_42/lstm_h1/DD/summary.json,0.0230671914019996,0.026526985817139,0.0500548124313354,-0.022958753506029,-0.0075095802732988055,-0.008351661147399277,-0.017512977123260463
C13,C13_mid_life,mid_life,middle,DM,current_offset_neg_50mA,-0.05,0.290829630668993,0.3385332601229212,0.5715681999921799,0.6332366615533829,-0.2842552267559171,2023,84377,/home/florianr/MG_Farm/1_Scripts/DL_Models/LFP_SOC_SOH_Model/4_simulation_environment/campaigns/jes2_current_offset_C13_20260901/runs/C13/C13_mid_life/current_offset_neg_50mA/seed_42/no_soh/DM/summary.json,0.0489920404678489,0.0532347576693665,0.0788255751132965,0.0489920404678489,0.2418375902011441,0.2852985024535547,0.4927426248788834
C13,C13_mid_life,mid_life,middle,HDM,current_offset_neg_50mA,-0.05,0.32314040087614043,0.3717356531558267,0.6182763159275054,0.6920934850350022,-0.32175513632438063,2023,84377,/home/florianr/MG_Farm/1_Scripts/DL_Models/LFP_SOC_SOH_Model/4_simulation_environment/campaigns/jes2_current_offset_C13_20260901/runs/C13/C13_mid_life/current_offset_neg_50mA/seed_42/lstm_h1/HDM/summary.json,0.0277106413067474,0.0300674544603501,0.0452776610851287,0.0277106413067474,0.29542975956939305,0.3416681986954766,0.5729986548423768
C13,C13_mid_life,mid_life,middle,HECM,current_offset_neg_50mA,-0.05,0.26830264950915134,0.29493335283123884,0.3954214878317025,0.40704973646051523,-0.2590607081719093,2023,84377,/home/florianr/MG_Farm/1_Scripts/DL_Models/LFP_SOC_SOH_Model/4_simulation_environment/campaigns/jes2_current_offset_C13_20260901/runs/C13/C13_mid_life/current_offset_neg_50mA/seed_42/lstm_h1/HECM/summary.json,0.0229183109372096,0.0252840753289266,0.0397274355566138,-0.0219811270620901,0.24538433857194175,0.2696492775023122,0.3556940522750887
C13,C13_mid_life,mid_life,middle,DD,current_offset_neg_50mA,-0.05,0.0733992213369474,0.07716972900804837,0.10188589096069335,0.13643521070480347,0.07137045407250096,2023,84377,/home/florianr/MG_Farm/1_Scripts/DL_Models/LFP_SOC_SOH_Model/4_simulation_environment/campaigns/jes2_current_offset_C13_20260901/runs/C13/C13_mid_life/current_offset_neg_50mA/seed_42/lstm_h1/DD/summary.json,0.0107138410236441,0.0158846965361211,0.0400632619857788,0.0069841591816345,0.0626853803133033,0.06128503247192728,0.06182262897491455
C13,C13_mid_life,mid_life,middle,DM,current_offset_pos_50mA,0.05,0.2946990737835666,0.32594177947442365,0.558271050453186,0.656032919883728,0.2946990737835666,2023,84377,/home/florianr/MG_Farm/1_Scripts/DL_Models/LFP_SOC_SOH_Model/4_simulation_environment/campaigns/jes2_current_offset_C13_20260901/runs/C13/C13_mid_life/current_offset_pos_50mA/seed_42/no_soh/DM/summary.json,0.0489920404678489,0.0532347576693665,0.0788255751132965,0.0489920404678489,0.2457070333157177,0.2727070218050571,0.4794454753398895
C13,C13_mid_life,mid_life,middle,HDM,current_offset_pos_50mA,0.05,0.287380554603307,0.321687869378765,0.5576057612895965,0.656032919883728,0.287380554603307,2023,84377,/home/florianr/MG_Farm/1_Scripts/DL_Models/LFP_SOC_SOH_Model/4_simulation_environment/campaigns/jes2_current_offset_C13_20260901/runs/C13/C13_mid_life/current_offset_pos_50mA/seed_42/lstm_h1/HDM/summary.json,0.0277106413067474,0.0300674544603501,0.0452776610851287,0.0277106413067474,0.25966991329655964,0.2916204149184149,0.5123281002044678
C13,C13_mid_life,mid_life,middle,HECM,current_offset_pos_50mA,0.05,0.12471419940395245,0.13313505314112334,0.16618179390999868,0.17674980311945487,0.12379541885268616,2023,84377,/home/florianr/MG_Farm/1_Scripts/DL_Models/LFP_SOC_SOH_Model/4_simulation_environment/campaigns/jes2_current_offset_C13_20260901/runs/C13/C13_mid_life/current_offset_pos_50mA/seed_42/lstm_h1/HECM/summary.json,0.0229183109372096,0.0252840753289266,0.0397274355566138,-0.0219811270620901,0.10179588846674285,0.10785097781219674,0.12645435835338487
C13,C13_mid_life,mid_life,middle,DD,current_offset_pos_50mA,0.05,0.08531137991193913,0.08969964473935751,0.12018980979919433,0.1381365954875946,0.08474964170117297,2023,84377,/home/florianr/MG_Farm/1_Scripts/DL_Models/LFP_SOC_SOH_Model/4_simulation_environment/campaigns/jes2_current_offset_C13_20260901/runs/C13/C13_mid_life/current_offset_pos_50mA/seed_42/lstm_h1/DD/summary.json,0.0107138410236441,0.0158846965361211,0.0400632619857788,0.0069841591816345,0.07459753888829503,0.07381494820323642,0.08012654781341552
C13,C13_aged,aged,middle,DM,current_offset_neg_50mA,-0.05,0.18810581127167658,0.2290968821341889,0.4410227708518505,0.5446030497550964,-0.13851808743029642,2023,84377,/home/florianr/MG_Farm/1_Scripts/DL_Models/LFP_SOC_SOH_Model/4_simulation_environment/campaigns/jes2_current_offset_C13_20260901/runs/C13/C13_aged/current_offset_neg_50mA/seed_42/no_soh/DM/summary.json,0.1886130591286968,0.1979127358702574,0.2826540291309357,0.1886130591286968,-0.000507247857020221,0.03118414626393151,0.1583687417209148
C13,C13_aged,aged,middle,HDM,current_offset_neg_50mA,-0.05,0.244522146335604,0.2948158607084127,0.5541087388992308,0.6862191557884216,-0.2293696849256712,2023,84377,/home/florianr/MG_Farm/1_Scripts/DL_Models/LFP_SOC_SOH_Model/4_simulation_environment/campaigns/jes2_current_offset_C13_20260901/runs/C13/C13_aged/current_offset_neg_50mA/seed_42/lstm_h1/HDM/summary.json,0.1312815494929775,0.1377550264521514,0.1967518031597137,0.1312815494929775,0.11324059684262652,0.1570608342562613,0.35735693573951716
C13,C13_aged,aged,middle,HECM,current_offset_neg_50mA,-0.05,0.1329304150026939,0.14569512691650666,0.2168804730617342,0.2670389292248445,-0.10749486746058885,2023,84377,/home/florianr/MG_Farm/1_Scripts/DL_Models/LFP_SOC_SOH_Model/4_simulation_environment/campaigns/jes2_current_offset_C13_20260901/runs/C13/C13_aged/current_offset_neg_50mA/seed_42/lstm_h1/HECM/summary.json,0.0559361882263057,0.0701331323091021,0.1237430855779933,-0.0497985161463532,0.0769942267763882,0.07556199460740455,0.0931373874837409
C13,C13_aged,aged,middle,DD,current_offset_neg_50mA,-0.05,0.12884981905033838,0.13437214820442625,0.18121066093444824,0.20386278629302979,0.1283177083416408,2023,84377,/home/florianr/MG_Farm/1_Scripts/DL_Models/LFP_SOC_SOH_Model/4_simulation_environment/campaigns/jes2_current_offset_C13_20260901/runs/C13/C13_aged/current_offset_neg_50mA/seed_42/lstm_h1/DD/summary.json,0.0313883916676066,0.0420386248567956,0.0799770548939704,0.0273131706838544,0.09746142738273178,0.09233352334763065,0.10123360604047783
C13,C13_aged,aged,middle,DM,current_offset_pos_50mA,0.05,0.4652608473189051,0.49670769999431386,0.7869337975978851,0.9173806458711624,0.4652608473189051,2023,84377,/home/florianr/MG_Farm/1_Scripts/DL_Models/LFP_SOC_SOH_Model/4_simulation_environment/campaigns/jes2_current_offset_C13_20260901/runs/C13/C13_aged/current_offset_pos_50mA/seed_42/no_soh/DM/summary.json,0.1886130591286968,0.1979127358702574,0.2826540291309357,0.1886130591286968,0.2766477881902083,0.2987949641240565,0.5042797684669493
C13,C13_aged,aged,middle,HDM,current_offset_pos_50mA,0.05,0.4417069815360174,0.47956337877400523,0.7820369362831116,0.9173806458711624,0.4417069815360174,2023,84377,/home/florianr/MG_Farm/1_Scripts/DL_Models/LFP_SOC_SOH_Model/4_simulation_environment/campaigns/jes2_current_offset_C13_20260901/runs/C13/C13_aged/current_offset_pos_50mA/seed_42/lstm_h1/HDM/summary.json,0.1312815494929775,0.1377550264521514,0.1967518031597137,0.1312815494929775,0.3104254320430399,0.3418083523218538,0.5852851331233979
C13,C13_aged,aged,middle,HECM,current_offset_pos_50mA,0.05,0.2405637249925374,0.27491862625460234,0.40188838469002963,0.43453152802103967,0.2353884202378083,2023,84377,/home/florianr/MG_Farm/1_Scripts/DL_Models/LFP_SOC_SOH_Model/4_simulation_environment/campaigns/jes2_current_offset_C13_20260901/runs/C13/C13_aged/current_offset_pos_50mA/seed_42/lstm_h1/HECM/summary.json,0.0559361882263057,0.0701331323091021,0.1237430855779933,-0.0497985161463532,0.1846275367662317,0.20478549394550022,0.27814529911203634
C13,C13_aged,aged,middle,DD,current_offset_pos_50mA,0.05,0.14221755536307276,0.1487433084678197,0.2031405985355377,0.2271471619606018,0.14205982650225463,2023,84377,/home/florianr/MG_Farm/1_Scripts/DL_Models/LFP_SOC_SOH_Model/4_simulation_environment/campaigns/jes2_current_offset_C13_20260901/runs/C13/C13_aged/current_offset_pos_50mA/seed_42/lstm_h1/DD/summary.json,0.0313883916676066,0.0420386248567956,0.0799770548939704,0.0273131706838544,0.11082916369546617,0.10670468361102409,0.1231635436415673
C15,C15_fresh,fresh,middle,DM,current_offset_neg_50mA,-0.05,0.30061524778579113,0.3463786465756461,0.5930870294570922,0.6618499755859375,-0.30036946941326537,2023,84377,/home/florianr/MG_Farm/1_Scripts/DL_Models/LFP_SOC_SOH_Model/4_simulation_environment/campaigns/jes2_current_offset_C15_20260901/runs/C15/C15_fresh/current_offset_neg_50mA/seed_42/no_soh/DM/summary.json,0.0184697929126083,0.0205647592288638,0.0322178483009338,0.0184697929126083,0.2821454548731828,0.3258138873467823,0.5608691811561585
C15,C15_fresh,fresh,middle,HDM,current_offset_neg_50mA,-0.05,0.32605184544257126,0.36983134360907355,0.6303213953971862,0.7006511986255646,-0.32605184544257126,2023,84377,/home/florianr/MG_Farm/1_Scripts/DL_Models/LFP_SOC_SOH_Model/4_simulation_environment/campaigns/jes2_current_offset_C15_20260901/runs/C15/C15_fresh/current_offset_neg_50mA/seed_42/lstm_h1/HDM/summary.json,0.0002486901726892,0.0003136787588335,0.0006295204162597,-0.0001644546440084,0.32580315526988207,0.36951766485024007,0.6296918749809265
C15,C15_fresh,fresh,middle,HECM,current_offset_neg_50mA,-0.05,0.19341575425100124,0.21218317562059666,0.271384646145776,0.2785090145527273,-0.18590702648450824,2023,84377,/home/florianr/MG_Farm/1_Scripts/DL_Models/LFP_SOC_SOH_Model/4_simulation_environment/campaigns/jes2_current_offset_C15_20260901/runs/C15/C15_fresh/current_offset_neg_50mA/seed_42/lstm_h1/HECM/summary.json,0.0214070839986918,0.0216198034860751,0.0251697141139086,0.0202431055888534,0.17200867025230945,0.19056337213452157,0.2462149320318674
C15,C15_fresh,fresh,middle,DD,current_offset_neg_50mA,-0.05,0.034254890400621664,0.03508986989021345,0.045298564434051516,0.06851018965244293,0.029452386417985796,2023,84377,/home/florianr/MG_Farm/1_Scripts/DL_Models/LFP_SOC_SOH_Model/4_simulation_environment/campaigns/jes2_current_offset_C15_20260901/runs/C15/C15_fresh/current_offset_neg_50mA/seed_42/lstm_h1/DD/summary.json,0.0079976039423502,0.0093576666174022,0.0158652186393737,-0.0021490694696279,0.026257286458271464,0.025732203272811248,0.029433345794677816
C15,C15_fresh,fresh,middle,DM,current_offset_pos_50mA,0.05,0.273811279455948,0.3161924669264031,0.5693350434303284,0.6803998202085495,0.273811279455948,2023,84377,/home/florianr/MG_Farm/1_Scripts/DL_Models/LFP_SOC_SOH_Model/4_simulation_environment/campaigns/jes2_current_offset_C15_20260901/runs/C15/C15_fresh/current_offset_pos_50mA/seed_42/no_soh/DM/summary.json,0.0184697929126083,0.0205647592288638,0.0322178483009338,0.0184697929126083,0.2553414865433397,0.2956277076975393,0.5371171951293946
C15,C15_fresh,fresh,middle,HDM,current_offset_pos_50mA,0.05,0.2665507801419175,0.31169983626792475,0.5655935287475586,0.6790791749954224,0.2665507801419175,2023,84377,/home/florianr/MG_Farm/1_Scripts/DL_Models/LFP_SOC_SOH_Model/4_simulation_environment/campaigns/jes2_current_offset_C15_20260901/runs/C15/C15_fresh/current_offset_pos_50mA/seed_42/lstm_h1/HDM/summary.json,0.0002486901726892,0.0003136787588335,0.0006295204162597,-0.0001644546440084,0.26630208996922833,0.31138615750909127,0.5649640083312989
C15,C15_fresh,fresh,middle,HECM,current_offset_pos_50mA,0.05,0.07357664933349878,0.07562370401751194,0.09344176472129279,0.10195463200490928,0.07316439213915774,2023,84377,/home/florianr/MG_Farm/1_Scripts/DL_Models/LFP_SOC_SOH_Model/4_simulation_environment/campaigns/jes2_current_offset_C15_20260901/runs/C15/C15_fresh/current_offset_pos_50mA/seed_42/lstm_h1/HECM/summary.json,0.0214070839986918,0.0216198034860751,0.0251697141139086,0.0202431055888534,0.052169565334806975,0.05400390053143683,0.06827205060738419
C15,C15_fresh,fresh,middle,DD,current_offset_pos_50mA,0.05,0.05064495491188738,0.053428581895165306,0.0732456922531128,0.0830274224281311,0.05040660239477852,2023,84377,/home/florianr/MG_Farm/1_Scripts/DL_Models/LFP_SOC_SOH_Model/4_simulation_environment/campaigns/jes2_current_offset_C15_20260901/runs/C15/C15_fresh/current_offset_pos_50mA/seed_42/lstm_h1/DD/summary.json,0.0079976039423502,0.0093576666174022,0.0158652186393737,-0.0021490694696279,0.04264735096953717,0.044070915277763106,0.057380473613739096
C15,C15_mid_life,mid_life,middle,DM,current_offset_neg_50mA,-0.05,0.2359039218502158,0.28619170416259093,0.5410984709858894,0.6363717019557953,-0.2247878789639309,2023,84377,/home/florianr/MG_Farm/1_Scripts/DL_Models/LFP_SOC_SOH_Model/4_simulation_environment/campaigns/jes2_current_offset_C15_20260901/runs/C15/C15_mid_life/current_offset_neg_50mA/seed_42/no_soh/DM/summary.json,0.0817204819849712,0.0884636108008208,0.1345931947231292,0.0817204819849712,0.1541834398652446,0.19772809336177014,0.4065052762627602
C15,C15_mid_life,mid_life,middle,HDM,current_offset_neg_50mA,-0.05,0.2814517822641723,0.3347368577241336,0.6155202984809874,0.7450511679053307,-0.2806163275725266,2023,84377,/home/florianr/MG_Farm/1_Scripts/DL_Models/LFP_SOC_SOH_Model/4_simulation_environment/campaigns/jes2_current_offset_C15_20260901/runs/C15/C15_mid_life/current_offset_neg_50mA/seed_42/lstm_h1/HDM/summary.json,0.0376393435209358,0.0407793180960901,0.061626423895359,0.0376393435209358,0.2438124387432365,0.2939575396280435,0.5538938745856284
C15,C15_mid_life,mid_life,middle,HECM,current_offset_neg_50mA,-0.05,0.1034854599037287,0.10808830037333644,0.14303001664063378,0.1535442779982653,-0.09640501967056392,2023,84377,/home/florianr/MG_Farm/1_Scripts/DL_Models/LFP_SOC_SOH_Model/4_simulation_environment/campaigns/jes2_current_offset_C15_20260901/runs/C15/C15_mid_life/current_offset_neg_50mA/seed_42/lstm_h1/HECM/summary.json,0.0331158335797238,0.0424338424069471,0.0889892155175474,-0.0312477770384522,0.0703696263240049,0.06565445796638934,0.054040801123086374
C15,C15_mid_life,mid_life,middle,DD,current_offset_neg_50mA,-0.05,0.061900801490768986,0.06672877162835218,0.09749540090560913,0.12106872349977493,0.05910695499444377,2023,84377,/home/florianr/MG_Farm/1_Scripts/DL_Models/LFP_SOC_SOH_Model/4_simulation_environment/campaigns/jes2_current_offset_C15_20260901/runs/C15/C15_mid_life/current_offset_neg_50mA/seed_42/lstm_h1/DD/summary.json,0.0274592568535102,0.0335352625008731,0.0617917731404304,0.0031728984874475,0.034441544637258785,0.03319350912747908,0.03570362776517873
C15,C15_mid_life,mid_life,middle,DM,current_offset_pos_50mA,0.05,0.36105340566708305,0.3996533852208291,0.6816452354192732,0.7883318141102791,0.36105340566708305,2023,84377,/home/florianr/MG_Farm/1_Scripts/DL_Models/LFP_SOC_SOH_Model/4_simulation_environment/campaigns/jes2_current_offset_C15_20260901/runs/C15/C15_mid_life/current_offset_pos_50mA/seed_42/no_soh/DM/summary.json,0.0817204819849712,0.0884636108008208,0.1345931947231292,0.0817204819849712,0.2793329236821118,0.3111897744200083,0.5470520406961441
C15,C15_mid_life,mid_life,middle,HDM,current_offset_pos_50mA,0.05,0.3398564867493737,0.3841204357929678,0.673539537191391,0.7691391184926033,0.3398564867493737,2023,84377,/home/florianr/MG_Farm/1_Scripts/DL_Models/LFP_SOC_SOH_Model/4_simulation_environment/campaigns/jes2_current_offset_C15_20260901/runs/C15/C15_mid_life/current_offset_pos_50mA/seed_42/lstm_h1/HDM/summary.json,0.0376393435209358,0.0407793180960901,0.061626423895359,0.0376393435209358,0.3022171432284379,0.3433411176968777,0.611913113296032
C15,C15_mid_life,mid_life,middle,HECM,current_offset_pos_50mA,0.05,0.15021461734845012,0.1607940855559619,0.19760277293224812,0.20231706278070194,0.14908017612311888,2023,84377,/home/florianr/MG_Farm/1_Scripts/DL_Models/LFP_SOC_SOH_Model/4_simulation_environment/campaigns/jes2_current_offset_C15_20260901/runs/C15/C15_mid_life/current_offset_pos_50mA/seed_42/lstm_h1/HECM/summary.json,0.0331158335797238,0.0424338424069471,0.0889892155175474,-0.0312477770384522,0.11709878376872632,0.11836024314901479,0.10861355741470072
C15,C15_mid_life,mid_life,middle,DD,current_offset_pos_50mA,0.05,0.08080864044790509,0.08605425915084552,0.12685755491256714,0.14606595039367676,0.08015563702623832,2023,84377,/home/florianr/MG_Farm/1_Scripts/DL_Models/LFP_SOC_SOH_Model/4_simulation_environment/campaigns/jes2_current_offset_C15_20260901/runs/C15/C15_mid_life/current_offset_pos_50mA/seed_42/lstm_h1/DD/summary.json,0.0274592568535102,0.0335352625008731,0.0617917731404304,0.0031728984874475,0.05334938359439489,0.05251899664997242,0.06506578177213675
C15,C15_aged,aged,middle,DM,current_offset_neg_50mA,-0.05,0.2036857316548819,0.2484380539503686,0.47777034714818,0.5793444663286209,-0.1636995909377425,2023,84377,/home/florianr/MG_Farm/1_Scripts/DL_Models/LFP_SOC_SOH_Model/4_simulation_environment/campaigns/jes2_current_offset_C15_20260901/runs/C15/C15_aged/current_offset_neg_50mA/seed_42/no_soh/DM/summary.json,0.1597735770334555,0.169742808414316,0.2476744666695594,0.1597735770334555,0.04391215462142642,0.07869524553605262,0.23009588047862062
C15,C15_aged,aged,middle,HDM,current_offset_neg_50mA,-0.05,0.2714125461768613,0.32456792096663595,0.6010155528783797,0.755385160446167,-0.26533990074580055,2023,84377,/home/florianr/MG_Farm/1_Scripts/DL_Models/LFP_SOC_SOH_Model/4_simulation_environment/campaigns/jes2_current_offset_C15_20260901/runs/C15/C15_aged/current_offset_neg_50mA/seed_42/lstm_h1/HDM/summary.json,0.0926223903411311,0.0984098295135879,0.1438765466213226,0.0926223903411311,0.17879015583573019,0.22615809145304805,0.4571390062570571
C15,C15_aged,aged,middle,HECM,current_offset_neg_50mA,-0.05,0.1301606249946235,0.13554418101283658,0.1821559245520681,0.2033826140145884,-0.1193207985803886,2023,84377,/home/florianr/MG_Farm/1_Scripts/DL_Models/LFP_SOC_SOH_Model/4_simulation_environment/campaigns/jes2_current_offset_C15_20260901/runs/C15/C15_aged/current_offset_neg_50mA/seed_42/lstm_h1/HECM/summary.json,0.1037221512791405,0.112506603985198,0.1720286181491481,-0.1016392417365162,0.026438473715482996,0.023037577027638576,0.010127306402920006
C15,C15_aged,aged,middle,DD,current_offset_neg_50mA,-0.05,0.06755155320001366,0.07236538153417985,0.1069708466529846,0.13308387249708176,0.06669385952759216,2023,84377,/home/florianr/MG_Farm/1_Scripts/DL_Models/LFP_SOC_SOH_Model/4_simulation_environment/campaigns/jes2_current_offset_C15_20260901/runs/C15/C15_aged/current_offset_neg_50mA/seed_42/lstm_h1/DD/summary.json,0.0339268049543431,0.038600223525856,0.0616420045495033,-0.0092243633206659,0.033624748245670556,0.033765158008323845,0.04532884210348131
C15,C15_aged,aged,middle,DM,current_offset_pos_50mA,0.05,0.4339228337473988,0.4675571920253493,0.7594365209341049,0.9137648195028305,0.4339228337473988,2023,84377,/home/florianr/MG_Farm/1_Scripts/DL_Models/LFP_SOC_SOH_Model/4_simulation_environment/campaigns/jes2_current_offset_C15_20260901/runs/C15/C15_aged/current_offset_pos_50mA/seed_42/no_soh/DM/summary.json,0.1597735770334555,0.169742808414316,0.2476744666695594,0.1597735770334555,0.2741492567139433,0.2978143836110333,0.5117620542645455
C15,C15_aged,aged,middle,HDM,current_offset_pos_50mA,0.05,0.40323964960356656,0.4454202222566016,0.7525454610586166,0.9137648195028305,0.40323964960356656,2023,84377,/home/florianr/MG_Farm/1_Scripts/DL_Models/LFP_SOC_SOH_Model/4_simulation_environment/campaigns/jes2_current_offset_C15_20260901/runs/C15/C15_aged/current_offset_pos_50mA/seed_42/lstm_h1/HDM/summary.json,0.0926223903411311,0.0984098295135879,0.1438765466213226,0.0926223903411311,0.31061725926243544,0.3470103927430137,0.6086689144372941
C15,C15_aged,aged,middle,HECM,current_offset_pos_50mA,0.05,0.20712255053857576,0.22748853905828154,0.3066429402185749,0.3283989830647761,0.2051946819822839,2023,84377,/home/florianr/MG_Farm/1_Scripts/DL_Models/LFP_SOC_SOH_Model/4_simulation_environment/campaigns/jes2_current_offset_C15_20260901/runs/C15/C15_aged/current_offset_pos_50mA/seed_42/lstm_h1/HECM/summary.json,0.1037221512791405,0.112506603985198,0.1720286181491481,-0.1016392417365162,0.10340039925943526,0.11498193507308353,0.1346143220694268
C15,C15_aged,aged,middle,DD,current_offset_pos_50mA,0.05,0.08310021262814689,0.08919900819942221,0.130357027053833,0.1499210000038147,0.08204198439422479,2023,84377,/home/florianr/MG_Farm/1_Scripts/DL_Models/LFP_SOC_SOH_Model/4_simulation_environment/campaigns/jes2_current_offset_C15_20260901/runs/C15/C15_aged/current_offset_pos_50mA/seed_42/lstm_h1/DD/summary.json,0.0339268049543431,0.038600223525856,0.0616420045495033,-0.0092243633206659,0.049173407673803786,0.05059878467356621,0.0687150225043297
C25,C25_fresh,fresh,low,DM,current_offset_neg_50mA,-0.05,0.2598535995988232,0.31477699589826413,0.5427120745182037,0.5822657644748688,-0.2596706830633118,2023,84377,/home/florianr/MG_Farm/1_Scripts/DL_Models/LFP_SOC_SOH_Model/4_simulation_environment/campaigns/jes2_current_offset_C25_20260901/runs/C25/C25_fresh/current_offset_neg_50mA/seed_42/no_soh/DM/summary.json,0.0116997131594801,0.0139917338503362,0.0277591705322265,0.0116997131594801,0.2481538864393431,0.30078526204792794,0.5149529039859772
C25,C25_fresh,fresh,low,HDM,current_offset_neg_50mA,-0.05,0.275995347541015,0.3301366344722732,0.563301983475685,0.6097190156579018,-0.2759731624855344,2023,84377,/home/florianr/MG_Farm/1_Scripts/DL_Models/LFP_SOC_SOH_Model/4_simulation_environment/campaigns/jes2_current_offset_C25_20260901/runs/C25/C25_fresh/current_offset_neg_50mA/seed_42/lstm_h1/HDM/summary.json,0.0025964236829993,0.0060516642382808,0.0202995777130126,0.0025964236829993,0.27339892385801573,0.3240849702339924,0.5430024057626724
C25,C25_fresh,fresh,low,HECM,current_offset_neg_50mA,-0.05,0.21772826401155926,0.2611378235872646,0.4181156960571145,0.4293104683703146,-0.21664669887429566,2023,84377,/home/florianr/MG_Farm/1_Scripts/DL_Models/LFP_SOC_SOH_Model/4_simulation_environment/campaigns/jes2_current_offset_C25_20260901/runs/C25/C25_fresh/current_offset_neg_50mA/seed_42/lstm_h1/HECM/summary.json,0.0082876613712398,0.0108067668169279,0.0228340692568411,0.0039162491765643,0.20944060264031947,0.25033105677033674,0.3952816268002734
C25,C25_fresh,fresh,low,DD,current_offset_neg_50mA,-0.05,0.00641488418678564,0.009227533233749913,0.020759171247482288,0.043917059898376465,-0.003260391680843018,2023,84377,/home/florianr/MG_Farm/1_Scripts/DL_Models/LFP_SOC_SOH_Model/4_simulation_environment/campaigns/jes2_current_offset_C25_20260901/runs/C25/C25_fresh/current_offset_neg_50mA/seed_42/lstm_h1/DD/summary.json,0.0098720364007851,0.0104535941544476,0.0148481726646423,-0.0087905917328457,-0.0034571522139994603,-0.0012260609206976875,0.005910998582839989
C25,C25_fresh,fresh,low,DM,current_offset_pos_50mA,0.05,0.20055567531659094,0.24387667546443395,0.4632329881191254,0.5922622382640839,0.20055567531659094,2023,84377,/home/florianr/MG_Farm/1_Scripts/DL_Models/LFP_SOC_SOH_Model/4_simulation_environment/campaigns/jes2_current_offset_C25_20260901/runs/C25/C25_fresh/current_offset_pos_50mA/seed_42/no_soh/DM/summary.json,0.0116997131594801,0.0139917338503362,0.0277591705322265,0.0116997131594801,0.18885596215711084,0.22988494161409775,0.4354738175868989
C25,C25_fresh,fresh,low,HDM,current_offset_pos_50mA,0.05,0.19676012578556992,0.2418386769748284,0.4623108506202698,0.5922622382640839,0.19676012578556992,2023,84377,/home/florianr/MG_Farm/1_Scripts/DL_Models/LFP_SOC_SOH_Model/4_simulation_environment/campaigns/jes2_current_offset_C25_20260901/runs/C25/C25_fresh/current_offset_pos_50mA/seed_42/lstm_h1/HDM/summary.json,0.0025964236829993,0.0060516642382808,0.0202995777130126,0.0025964236829993,0.1941637021025706,0.2357870127365476,0.44201127290725717
C25,C25_fresh,fresh,low,HECM,current_offset_pos_50mA,0.05,0.03140630126669045,0.033218762097108986,0.044826890621351874,0.051372786289674344,0.03131144247388664,2023,84377,/home/florianr/MG_Farm/1_Scripts/DL_Models/LFP_SOC_SOH_Model/4_simulation_environment/campaigns/jes2_current_offset_C25_20260901/runs/C25/C25_fresh/current_offset_pos_50mA/seed_42/lstm_h1/HECM/summary.json,0.0082876613712398,0.0108067668169279,0.0228340692568411,0.0039162491765643,0.023118639895450654,0.022411995280181087,0.021992821364510775
C25,C25_fresh,fresh,low,DD,current_offset_pos_50mA,0.05,0.014964475742421737,0.017451560045626386,0.02694634199142456,0.051160335540771484,0.013444980684679822,2023,84377,/home/florianr/MG_Farm/1_Scripts/DL_Models/LFP_SOC_SOH_Model/4_simulation_environment/campaigns/jes2_current_offset_C25_20260901/runs/C25/C25_fresh/current_offset_pos_50mA/seed_42/lstm_h1/DD/summary.json,0.0098720364007851,0.0104535941544476,0.0148481726646423,-0.0087905917328457,0.005092439341636636,0.006997965891178785,0.01209816932678226
C25,C25_mid_life,mid_life,low,DM,current_offset_neg_50mA,-0.05,0.26621727498193243,0.31518445686062646,0.5594362929463386,0.6468724608421326,-0.2569860887825383,2023,84377,/home/florianr/MG_Farm/1_Scripts/DL_Models/LFP_SOC_SOH_Model/4_simulation_environment/campaigns/jes2_current_offset_C25_20260901/runs/C25/C25_mid_life/current_offset_neg_50mA/seed_42/no_soh/DM/summary.json,0.0694672640942017,0.0757491510814581,0.1144138157367706,0.0694672640942017,0.19675001088773073,0.23943530577916836,0.44502247720956795
C25,C25_mid_life,mid_life,low,HDM,current_offset_neg_50mA,-0.05,0.28648883651210666,0.33590334114274345,0.5918222319334745,0.6806806325912476,-0.2811495674415802,2023,84377,/home/florianr/MG_Farm/1_Scripts/DL_Models/LFP_SOC_SOH_Model/4_simulation_environment/campaigns/jes2_current_offset_C25_20260901/runs/C25/C25_mid_life/current_offset_neg_50mA/seed_42/lstm_h1/HDM/summary.json,0.0547486623838964,0.0597076897479732,0.0901521533727645,0.0547486623838964,0.23174017412821027,0.27619565139477026,0.50167007856071
C25,C25_mid_life,mid_life,low,HECM,current_offset_neg_50mA,-0.05,0.1864663531627882,0.2101196379377645,0.30866824103947504,0.3220177489109295,-0.16399578217934893,2023,84377,/home/florianr/MG_Farm/1_Scripts/DL_Models/LFP_SOC_SOH_Model/4_simulation_environment/campaigns/jes2_current_offset_C25_20260901/runs/C25/C25_mid_life/current_offset_neg_50mA/seed_42/lstm_h1/HECM/summary.json,0.0495356791547768,0.0547715751028231,0.0858476627065715,-0.0467741799638031,0.1369306740080114,0.1553480628349414,0.22282057833290353
C25,C25_mid_life,mid_life,low,DD,current_offset_neg_50mA,-0.05,0.10274191878102432,0.10614560947749119,0.13517014384269715,0.1452464759349823,0.10263413472176143,2023,84377,/home/florianr/MG_Farm/1_Scripts/DL_Models/LFP_SOC_SOH_Model/4_simulation_environment/campaigns/jes2_current_offset_C25_20260901/runs/C25/C25_mid_life/current_offset_neg_50mA/seed_42/lstm_h1/DD/summary.json,0.0410431472465446,0.0429851283692265,0.0576784610748291,0.0410342986173513,0.06169877153447972,0.0631604811082647,0.07749168276786805
C25,C25_mid_life,mid_life,low,DM,current_offset_pos_50mA,0.05,0.3251101225165099,0.3616461741454287,0.6238098800182342,0.7696407586336136,0.3251101225165099,2023,84377,/home/florianr/MG_Farm/1_Scripts/DL_Models/LFP_SOC_SOH_Model/4_simulation_environment/campaigns/jes2_current_offset_C25_20260901/runs/C25/C25_mid_life/current_offset_pos_50mA/seed_42/no_soh/DM/summary.json,0.0694672640942017,0.0757491510814581,0.1144138157367706,0.0694672640942017,0.25564285842230816,0.2858970230639706,0.5093960642814637
C25,C25_mid_life,mid_life,low,HDM,current_offset_pos_50mA,0.05,0.3194257490682951,0.3576773396031706,0.6206249475479126,0.7696407586336136,0.3194257490682951,2023,84377,/home/florianr/MG_Farm/1_Scripts/DL_Models/LFP_SOC_SOH_Model/4_simulation_environment/campaigns/jes2_current_offset_C25_20260901/runs/C25/C25_mid_life/current_offset_pos_50mA/seed_42/lstm_h1/HDM/summary.json,0.0547486623838964,0.0597076897479732,0.0901521533727645,0.0547486623838964,0.26467708668439865,0.2979696498551974,0.5304727941751481
C25,C25_mid_life,mid_life,low,HECM,current_offset_pos_50mA,0.05,0.13247896658490818,0.14381292993699185,0.19411687614226722,0.20110348738473988,0.13009198915158562,2023,84377,/home/florianr/MG_Farm/1_Scripts/DL_Models/LFP_SOC_SOH_Model/4_simulation_environment/campaigns/jes2_current_offset_C25_20260901/runs/C25/C25_mid_life/current_offset_pos_50mA/seed_42/lstm_h1/HECM/summary.json,0.0495356791547768,0.0547715751028231,0.0858476627065715,-0.0467741799638031,0.08294328743013138,0.08904135483416875,0.10826921343569572
C25,C25_mid_life,mid_life,low,DD,current_offset_pos_50mA,0.05,0.12018158606412424,0.12349889258596447,0.1572381377220154,0.16744914650917053,0.1201809837246348,2023,84377,/home/florianr/MG_Farm/1_Scripts/DL_Models/LFP_SOC_SOH_Model/4_simulation_environment/campaigns/jes2_current_offset_C25_20260901/runs/C25/C25_mid_life/current_offset_pos_50mA/seed_42/lstm_h1/DD/summary.json,0.0410431472465446,0.0429851283692265,0.0576784610748291,0.0410342986173513,0.07913843881757965,0.08051376421673798,0.09955967664718629
C25,C25_aged,aged,low,DM,current_offset_neg_50mA,-0.05,0.21063854715627053,0.2598144184078944,0.5053161978721619,0.6136872619390488,-0.17510011692068356,2023,84377,/home/florianr/MG_Farm/1_Scripts/DL_Models/LFP_SOC_SOH_Model/4_simulation_environment/campaigns/jes2_current_offset_C25_20260901/runs/C25/C25_aged/current_offset_neg_50mA/seed_42/no_soh/DM/summary.json,0.1478381935549754,0.1590482580160361,0.2386301875114441,0.1478381935549754,0.06280035360129513,0.10076616039185829,0.26668601036071776
C25,C25_aged,aged,low,HDM,current_offset_neg_50mA,-0.05,0.2390664246864716,0.29377701827794905,0.5654238700866698,0.6826058924198151,-0.22018095513959077,2023,84377,/home/florianr/MG_Farm/1_Scripts/DL_Models/LFP_SOC_SOH_Model/4_simulation_environment/campaigns/jes2_current_offset_C25_20260901/runs/C25/C25_aged/current_offset_neg_50mA/seed_42/lstm_h1/HDM/summary.json,0.119409553611016,0.1284726782402217,0.1927373930811882,0.119409553611016,0.1196568710754556,0.16530434003772734,0.37268647700548163
C25,C25_aged,aged,low,HECM,current_offset_neg_50mA,-0.05,0.13388327179859955,0.1492779707701104,0.23480365405715575,0.28960510834963626,-0.09541987858200118,2023,84377,/home/florianr/MG_Farm/1_Scripts/DL_Models/LFP_SOC_SOH_Model/4_simulation_environment/campaigns/jes2_current_offset_C25_20260901/runs/C25/C25_aged/current_offset_neg_50mA/seed_42/lstm_h1/HECM/summary.json,0.0793362899227408,0.0922716229101033,0.1519098463360076,-0.0741911372790753,0.05454698187585874,0.057006347860007106,0.08289380772114815
C25,C25_aged,aged,low,DD,current_offset_neg_50mA,-0.05,0.13873739159210083,0.14271125471140952,0.17990338206291198,0.1934082806110382,0.13873545493245287,2023,84377,/home/florianr/MG_Farm/1_Scripts/DL_Models/LFP_SOC_SOH_Model/4_simulation_environment/campaigns/jes2_current_offset_C25_20260901/runs/C25/C25_aged/current_offset_neg_50mA/seed_42/lstm_h1/DD/summary.json,0.0659105083170552,0.0693558243223271,0.099481987953186,0.0659105083170552,0.07282688327504563,0.07335543038908242,0.08042139410972599
C25,C25_aged,aged,low,DM,current_offset_pos_50mA,0.05,0.41434523956039915,0.4504655868545466,0.7453356146812439,0.8939865231513977,0.41434523956039915,2023,84377,/home/florianr/MG_Farm/1_Scripts/DL_Models/LFP_SOC_SOH_Model/4_simulation_environment/campaigns/jes2_current_offset_C25_20260901/runs/C25/C25_aged/current_offset_pos_50mA/seed_42/no_soh/DM/summary.json,0.1478381935549754,0.1590482580160361,0.2386301875114441,0.1478381935549754,0.26650704600542374,0.29141732883851046,0.5067054271697997
C25,C25_aged,aged,low,HDM,current_offset_pos_50mA,0.05,0.4022684492739383,0.440893643096542,0.7400339663028717,0.8911605477333069,0.4022684492739383,2023,84377,/home/florianr/MG_Farm/1_Scripts/DL_Models/LFP_SOC_SOH_Model/4_simulation_environment/campaigns/jes2_current_offset_C25_20260901/runs/C25/C25_aged/current_offset_pos_50mA/seed_42/lstm_h1/HDM/summary.json,0.119409553611016,0.1284726782402217,0.1927373930811882,0.119409553611016,0.28285889566292227,0.3124209648563203,0.5472965732216835
C25,C25_aged,aged,low,HECM,current_offset_pos_50mA,0.05,0.1837165546294037,0.20752567273749598,0.3159928785421713,0.3317033249585376,0.17475785898644744,2023,84377,/home/florianr/MG_Farm/1_Scripts/DL_Models/LFP_SOC_SOH_Model/4_simulation_environment/campaigns/jes2_current_offset_C25_20260901/runs/C25/C25_aged/current_offset_pos_50mA/seed_42/lstm_h1/HECM/summary.json,0.0793362899227408,0.0922716229101033,0.1519098463360076,-0.0741911372790753,0.1043802647066629,0.11525404982739268,0.1640830322061637
C25,C25_aged,aged,low,DD,current_offset_pos_50mA,0.05,0.15672259436356076,0.16120823191348227,0.2093620717525482,0.22471463680267334,0.15672259436356076,2023,84377,/home/florianr/MG_Farm/1_Scripts/DL_Models/LFP_SOC_SOH_Model/4_simulation_environment/campaigns/jes2_current_offset_C25_20260901/runs/C25/C25_aged/current_offset_pos_50mA/seed_42/lstm_h1/DD/summary.json,0.0659105083170552,0.0693558243223271,0.099481987953186,0.0659105083170552,0.09081208604650556,0.09185240759115516,0.1098800837993622
C27,C27_fresh,fresh,low,DM,current_offset_neg_50mA,-0.05,0.31283804969389833,0.36216693282873513,0.6014871910214423,0.6304789568093838,-0.31260555872491325,2023,84377,/home/florianr/MG_Farm/1_Scripts/DL_Models/LFP_SOC_SOH_Model/4_simulation_environment/campaigns/jes2_current_offset_C27_20260901/runs/C27/C27_fresh/current_offset_neg_50mA/seed_42/no_soh/DM/summary.json,0.0239448965168692,0.024488270173526,0.0318547904491424,0.0239448965168692,0.2888931531770291,0.3376786626552091,0.5696324005722999
C27,C27_fresh,fresh,low,HDM,current_offset_neg_50mA,-0.05,0.3223118311250926,0.3711557377624999,0.615943655371666,0.6470266451215139,-0.32230113453658904,2023,84377,/home/florianr/MG_Farm/1_Scripts/DL_Models/LFP_SOC_SOH_Model/4_simulation_environment/campaigns/jes2_current_offset_C27_20260901/runs/C27/C27_fresh/current_offset_neg_50mA/seed_42/lstm_h1/HDM/summary.json,0.0179540588380697,0.0180442972484627,0.0210969567298889,0.0179540588380697,0.3043577722870229,0.3531114405140372,0.5948466986417771
C27,C27_fresh,fresh,low,HECM,current_offset_neg_50mA,-0.05,0.26936275732338955,0.2961235563455169,0.4205992030374991,0.43920986584805355,-0.26936275732338955,2023,84377,/home/florianr/MG_Farm/1_Scripts/DL_Models/LFP_SOC_SOH_Model/4_simulation_environment/campaigns/jes2_current_offset_C27_20260901/runs/C27/C27_fresh/current_offset_neg_50mA/seed_42/lstm_h1/HECM/summary.json,0.017712234309502,0.018939666192567,0.0269374743040244,-0.017712234309502,0.2516505230138876,0.2771838901529499,0.3936617287334747
C27,C27_fresh,fresh,low,DD,current_offset_neg_50mA,-0.05,0.015570568003431763,0.018972020610595493,0.035782909393310545,0.03966182470321655,-0.010785676771970806,2023,84377,/home/florianr/MG_Farm/1_Scripts/DL_Models/LFP_SOC_SOH_Model/4_simulation_environment/campaigns/jes2_current_offset_C27_20260901/runs/C27/C27_fresh/current_offset_neg_50mA/seed_42/lstm_h1/DD/summary.json,0.0116909328445779,0.0130154431405771,0.0214644789695739,0.0116579101569185,0.0038796351588538634,0.005956577470018393,0.014318430423736647
C27,C27_fresh,fresh,low,DM,current_offset_pos_50mA,0.05,0.22707538589470835,0.26724245351492226,0.48878430724143984,0.5813873708248138,0.22707538589470835,2023,84377,/home/florianr/MG_Farm/1_Scripts/DL_Models/LFP_SOC_SOH_Model/4_simulation_environment/campaigns/jes2_current_offset_C27_20260901/runs/C27/C27_fresh/current_offset_pos_50mA/seed_42/no_soh/DM/summary.json,0.0239448965168692,0.024488270173526,0.0318547904491424,0.0239448965168692,0.20313048937783915,0.24275418334139626,0.45692951679229743
C27,C27_fresh,fresh,low,HDM,current_offset_pos_50mA,0.05,0.22553924363756958,0.2662553655525875,0.4873094856739044,0.5813873708248138,0.22553924363756958,2023,84377,/home/florianr/MG_Farm/1_Scripts/DL_Models/LFP_SOC_SOH_Model/4_simulation_environment/campaigns/jes2_current_offset_C27_20260901/runs/C27/C27_fresh/current_offset_pos_50mA/seed_42/lstm_h1/HDM/summary.json,0.0179540588380697,0.0180442972484627,0.0210969567298889,0.0179540588380697,0.2075851847994999,0.2482110683041248,0.46621252894401555
C27,C27_fresh,fresh,low,HECM,current_offset_pos_50mA,0.05,0.034729625722643646,0.0378912009727963,0.05732188759771841,0.06130184101287495,0.034728867530131186,2023,84377,/home/florianr/MG_Farm/1_Scripts/DL_Models/LFP_SOC_SOH_Model/4_simulation_environment/campaigns/jes2_current_offset_C27_20260901/runs/C27/C27_fresh/current_offset_pos_50mA/seed_42/lstm_h1/HECM/summary.json,0.017712234309502,0.018939666192567,0.0269374743040244,-0.017712234309502,0.017017391413141646,0.0189515347802293,0.030384413293694013
C27,C27_fresh,fresh,low,DD,current_offset_pos_50mA,0.05,0.03286821720980939,0.03497504222140375,0.04799414873123169,0.06253516674041748,0.03286441218045289,2023,84377,/home/florianr/MG_Farm/1_Scripts/DL_Models/LFP_SOC_SOH_Model/4_simulation_environment/campaigns/jes2_current_offset_C27_20260901/runs/C27/C27_fresh/current_offset_pos_50mA/seed_42/lstm_h1/DD/summary.json,0.0116909328445779,0.0130154431405771,0.0214644789695739,0.0116579101569185,0.02117728436523149,0.021959599080826647,0.026529669761657788
C29,C29_fresh,fresh,high,DM,current_offset_neg_50mA,-0.05,0.3258067190907836,0.37321060570293396,0.6123973213136196,0.6633434891700745,-0.3258067190907836,2023,84377,/home/florianr/MG_Farm/1_Scripts/DL_Models/LFP_SOC_SOH_Model/4_simulation_environment/campaigns/jes2_current_offset_C29_20260901/runs/C29/C29_fresh/current_offset_neg_50mA/seed_42/no_soh/DM/summary.json,0.0089949050218186,0.010311819497638,0.0165603399276733,0.0089949050218186,0.316811814068965,0.362898786205296,0.5958369813859463
C29,C29_fresh,fresh,high,HDM,current_offset_neg_50mA,-0.05,0.34952440451775973,0.3954391480675601,0.6397517055273055,0.6990559995174408,-0.34952440451775973,2023,84377,/home/florianr/MG_Farm/1_Scripts/DL_Models/LFP_SOC_SOH_Model/4_simulation_environment/campaigns/jes2_current_offset_C29_20260901/runs/C29/C29_fresh/current_offset_neg_50mA/seed_42/lstm_h1/HDM/summary.json,0.0038016230474447,0.0044473088347056,0.0072529435157775,-0.0038016230474447,0.34572278147031504,0.39099183923285447,0.632498762011528
C29,C29_fresh,fresh,high,HECM,current_offset_neg_50mA,-0.05,0.2540797115085362,0.29203384126734344,0.41831863404314423,0.4298205997085308,-0.24680930760098863,2023,84377,/home/florianr/MG_Farm/1_Scripts/DL_Models/LFP_SOC_SOH_Model/4_simulation_environment/campaigns/jes2_current_offset_C29_20260901/runs/C29/C29_fresh/current_offset_neg_50mA/seed_42/lstm_h1/HECM/summary.json,0.007887801061643,0.0114701240011167,0.0299301906628075,0.0011581826744748,0.2461919104468932,0.28056371726622675,0.38838844338033673
C29,C29_fresh,fresh,high,DD,current_offset_neg_50mA,-0.05,0.010482333634407717,0.014828690473124004,0.039589130878448474,0.06013226509094238,-0.008564957607311163,2023,84377,/home/florianr/MG_Farm/1_Scripts/DL_Models/LFP_SOC_SOH_Model/4_simulation_environment/campaigns/jes2_current_offset_C29_20260901/runs/C29/C29_fresh/current_offset_neg_50mA/seed_42/lstm_h1/DD/summary.json,0.0138797523367892,0.0153870961403489,0.0255813062191009,-0.013464491608715,-0.003397418702381482,-0.0005584056672248965,0.014007824659347575
C29,C29_fresh,fresh,high,DM,current_offset_pos_50mA,0.05,0.22586723669958242,0.26632517168420117,0.4954052090644836,0.5952775776386261,0.22586723669958242,2023,84377,/home/florianr/MG_Farm/1_Scripts/DL_Models/LFP_SOC_SOH_Model/4_simulation_environment/campaigns/jes2_current_offset_C29_20260901/runs/C29/C29_fresh/current_offset_pos_50mA/seed_42/no_soh/DM/summary.json,0.0089949050218186,0.010311819497638,0.0165603399276733,0.0089949050218186,0.21687233167776382,0.2560133521865632,0.4788448691368103
C29,C29_fresh,fresh,high,HDM,current_offset_pos_50mA,0.05,0.22147484268986767,0.2640811229490273,0.4940918624401092,0.5952775776386261,0.22147484268986767,2023,84377,/home/florianr/MG_Farm/1_Scripts/DL_Models/LFP_SOC_SOH_Model/4_simulation_environment/campaigns/jes2_current_offset_C29_20260901/runs/C29/C29_fresh/current_offset_pos_50mA/seed_42/lstm_h1/HDM/summary.json,0.0038016230474447,0.0044473088347056,0.0072529435157775,-0.0038016230474447,0.21767321964242298,0.2596338141143217,0.48683891892433173
C29,C29_fresh,fresh,high,HECM,current_offset_pos_50mA,0.05,0.030855398865455776,0.032993533778328143,0.04809310449989509,0.07825718421806405,0.03025686833574773,2023,84377,/home/florianr/MG_Farm/1_Scripts/DL_Models/LFP_SOC_SOH_Model/4_simulation_environment/campaigns/jes2_current_offset_C29_20260901/runs/C29/C29_fresh/current_offset_pos_50mA/seed_42/lstm_h1/HECM/summary.json,0.007887801061643,0.0114701240011167,0.0299301906628075,0.0011581826744748,0.022967597803812776,0.02152340977721144,0.01816291383708759
C29,C29_fresh,fresh,high,DD,current_offset_pos_50mA,0.05,0.01626986270111736,0.01922393439935522,0.030232191085815426,0.05244708061218262,0.013864719919689685,2023,84377,/home/florianr/MG_Farm/1_Scripts/DL_Models/LFP_SOC_SOH_Model/4_simulation_environment/campaigns/jes2_current_offset_C29_20260901/runs/C29/C29_fresh/current_offset_pos_50mA/seed_42/lstm_h1/DD/summary.json,0.0138797523367892,0.0153870961403489,0.0255813062191009,-0.013464491608715,0.0023901103643281622,0.0038368382590063203,0.0046508848667145275
C29,C29_mid_life,mid_life,high,DM,current_offset_neg_50mA,-0.05,0.25648101295941506,0.3044427252852156,0.5484082207083701,0.6355981379747391,-0.24254848390062606,2023,84377,/home/florianr/MG_Farm/1_Scripts/DL_Models/LFP_SOC_SOH_Model/4_simulation_environment/campaigns/jes2_current_offset_C29_20260901/runs/C29/C29_mid_life/current_offset_neg_50mA/seed_42/no_soh/DM/summary.json,0.0832149323575554,0.0905495524876491,0.1377964705228805,0.0832149323575554,0.17326608060185966,0.2138931727975665,0.4106117501854897
C29,C29_mid_life,mid_life,high,HDM,current_offset_neg_50mA,-0.05,0.3127436282411529,0.36352353150989997,0.6434990227222442,0.7548031955957413,-0.3113588552478587,2023,84377,/home/florianr/MG_Farm/1_Scripts/DL_Models/LFP_SOC_SOH_Model/4_simulation_environment/campaigns/jes2_current_offset_C29_20260901/runs/C29/C29_mid_life/current_offset_neg_50mA/seed_42/lstm_h1/HDM/summary.json,0.0372224560991307,0.0404304561276547,0.0621653765439987,0.0372224560991307,0.2755211721420222,0.32309307538224524,0.5813336461782456
C29,C29_mid_life,mid_life,high,HECM,current_offset_neg_50mA,-0.05,0.1954607667808476,0.207537703052522,0.2665310073720534,0.27834750201659963,-0.18760640038861734,2023,84377,/home/florianr/MG_Farm/1_Scripts/DL_Models/LFP_SOC_SOH_Model/4_simulation_environment/campaigns/jes2_current_offset_C29_20260901/runs/C29/C29_mid_life/current_offset_neg_50mA/seed_42/lstm_h1/HECM/summary.json,0.0257855121559531,0.0312646291642843,0.0507065995746877,-0.0254371431647649,0.1696752546248945,0.1762730738882377,0.21582440779736567
C29,C29_mid_life,mid_life,high,DD,current_offset_neg_50mA,-0.05,0.02507155765324159,0.029991754697153677,0.054873764514923096,0.08758530020713806,0.018030748836775547,2023,84377,/home/florianr/MG_Farm/1_Scripts/DL_Models/LFP_SOC_SOH_Model/4_simulation_environment/campaigns/jes2_current_offset_C29_20260901/runs/C29/C29_mid_life/current_offset_neg_50mA/seed_42/lstm_h1/DD/summary.json,0.0319595737664585,0.0384612997231783,0.0741077303886413,-0.0257723183380626,-0.006888016113216908,-0.008469545026024622,-0.0192339658737182
C29,C29_mid_life,mid_life,high,DM,current_offset_pos_50mA,0.05,0.3409084225696468,0.37729870561133205,0.6474824398756026,0.7874563336372375,0.3409084225696468,2023,84377,/home/florianr/MG_Farm/1_Scripts/DL_Models/LFP_SOC_SOH_Model/4_simulation_environment/campaigns/jes2_current_offset_C29_20260901/runs/C29/C29_mid_life/current_offset_pos_50mA/seed_42/no_soh/DM/summary.json,0.0832149323575554,0.0905495524876491,0.1377964705228805,0.0832149323575554,0.2576934902120914,0.286749153123683,0.5096859693527221
C29,C29_mid_life,mid_life,high,HDM,current_offset_pos_50mA,0.05,0.3229957463783523,0.3653319414722223,0.6469076335430145,0.7838175296783447,0.3229957463783523,2023,84377,/home/florianr/MG_Farm/1_Scripts/DL_Models/LFP_SOC_SOH_Model/4_simulation_environment/campaigns/jes2_current_offset_C29_20260901/runs/C29/C29_mid_life/current_offset_pos_50mA/seed_42/lstm_h1/HDM/summary.json,0.0372224560991307,0.0404304561276547,0.0621653765439987,0.0372224560991307,0.2857732902792216,0.3249014853445676,0.5847422569990158
C29,C29_mid_life,mid_life,high,HECM,current_offset_pos_50mA,0.05,0.13261894860247478,0.14077822600056686,0.17010272512876243,0.17746302249791218,0.12825874980537066,2023,84377,/home/florianr/MG_Farm/1_Scripts/DL_Models/LFP_SOC_SOH_Model/4_simulation_environment/campaigns/jes2_current_offset_C29_20260901/runs/C29/C29_mid_life/current_offset_pos_50mA/seed_42/lstm_h1/HECM/summary.json,0.0257855121559531,0.0312646291642843,0.0507065995746877,-0.0254371431647649,0.10683343644652168,0.10951359683628256,0.11939612555407472
C29,C29_mid_life,mid_life,high,DD,current_offset_pos_50mA,0.05,0.03886196072304745,0.04458291183707467,0.07264684438705445,0.09595489501953125,0.038061422345496164,2023,84377,/home/florianr/MG_Farm/1_Scripts/DL_Models/LFP_SOC_SOH_Model/4_simulation_environment/campaigns/jes2_current_offset_C29_20260901/runs/C29/C29_mid_life/current_offset_pos_50mA/seed_42/lstm_h1/DD/summary.json,0.0319595737664585,0.0384612997231783,0.0741077303886413,-0.0257723183380626,0.00690238695658895,0.00612161211389637,-0.0014608860015868502
C29,C29_aged,aged,high,DM,current_offset_neg_50mA,-0.05,0.2255789604727249,0.27137028763933435,0.5024292707443236,0.6044611036777496,-0.18475173792663652,2023,84377,/home/florianr/MG_Farm/1_Scripts/DL_Models/LFP_SOC_SOH_Model/4_simulation_environment/campaigns/jes2_current_offset_C29_20260901/runs/C29/C29_aged/current_offset_neg_50mA/seed_42/no_soh/DM/summary.json,0.1491056661144367,0.1588141456268741,0.2307462960481643,0.1491056661144367,0.0764732943582882,0.11255614201246025,0.2716829746961593
C29,C29_aged,aged,high,HDM,current_offset_neg_50mA,-0.05,0.3200456772622496,0.3723857396372888,0.658333297073841,0.7993531823158264,-0.3159030679221174,2023,84377,/home/florianr/MG_Farm/1_Scripts/DL_Models/LFP_SOC_SOH_Model/4_simulation_environment/campaigns/jes2_current_offset_C29_20260901/runs/C29/C29_aged/current_offset_neg_50mA/seed_42/lstm_h1/HDM/summary.json,0.0733998600648928,0.0781193319730101,0.1142142206430435,0.0733998600648928,0.2466458171973568,0.2942664076642787,0.5441190764307975
C29,C29_aged,aged,high,HECM,current_offset_neg_50mA,-0.05,0.20111233838883255,0.21156478603797466,0.26681199153337637,0.2740997837839262,-0.19107174207903696,2023,84377,/home/florianr/MG_Farm/1_Scripts/DL_Models/LFP_SOC_SOH_Model/4_simulation_environment/campaigns/jes2_current_offset_C29_20260901/runs/C29/C29_aged/current_offset_neg_50mA/seed_42/lstm_h1/HECM/summary.json,0.0445013647895631,0.0512271297254881,0.0846258669382583,-0.0426662896452742,0.15661097359926945,0.16033765631248656,0.18218612459511807
C29,C29_aged,aged,high,DD,current_offset_neg_50mA,-0.05,0.03457002264290732,0.041765313662623586,0.07439769208431243,0.15424519777297974,0.030240455693425306,2023,84377,/home/florianr/MG_Farm/1_Scripts/DL_Models/LFP_SOC_SOH_Model/4_simulation_environment/campaigns/jes2_current_offset_C29_20260901/runs/C29/C29_aged/current_offset_neg_50mA/seed_42/lstm_h1/DD/summary.json,0.0478838604721392,0.061963345713587,0.1149982452392578,-0.0377013985117402,-0.01331383782923188,-0.020198032050963412,-0.04060055315494536
C29,C29_aged,aged,high,DM,current_offset_pos_50mA,0.05,0.401357840042297,0.4297960150040736,0.6930030822753905,0.8027626574039459,0.401357840042297,2023,84377,/home/florianr/MG_Farm/1_Scripts/DL_Models/LFP_SOC_SOH_Model/4_simulation_environment/campaigns/jes2_current_offset_C29_20260901/runs/C29/C29_aged/current_offset_pos_50mA/seed_42/no_soh/DM/summary.json,0.1491056661144367,0.1588141456268741,0.2307462960481643,0.1491056661144367,0.2522521739278603,0.2709818693771995,0.4622567862272262
C29,C29_aged,aged,high,HDM,current_offset_pos_50mA,0.05,0.37001755500632527,0.4081100613323278,0.6871191442012786,0.8027626574039459,0.37001755500632527,2023,84377,/home/florianr/MG_Farm/1_Scripts/DL_Models/LFP_SOC_SOH_Model/4_simulation_environment/campaigns/jes2_current_offset_C29_20260901/runs/C29/C29_aged/current_offset_pos_50mA/seed_42/lstm_h1/HDM/summary.json,0.0733998600648928,0.0781193319730101,0.1142142206430435,0.0733998600648928,0.2966176949414325,0.3299907293593177,0.5729049235582351
C29,C29_aged,aged,high,HECM,current_offset_pos_50mA,0.05,0.18180910843734252,0.19703293952920817,0.24770356392741918,0.25814224529020796,0.17956090632982505,2023,84377,/home/florianr/MG_Farm/1_Scripts/DL_Models/LFP_SOC_SOH_Model/4_simulation_environment/campaigns/jes2_current_offset_C29_20260901/runs/C29/C29_aged/current_offset_pos_50mA/seed_42/lstm_h1/HECM/summary.json,0.0445013647895631,0.0512271297254881,0.0846258669382583,-0.0426662896452742,0.13730774364777942,0.14580580980372007,0.1630776969891609
C29,C29_aged,aged,high,DD,current_offset_pos_50mA,0.05,0.04637198461392816,0.053681321040496235,0.0980471134185791,0.15591108798980713,0.04532220153673224,2023,84377,/home/florianr/MG_Farm/1_Scripts/DL_Models/LFP_SOC_SOH_Model/4_simulation_environment/campaigns/jes2_current_offset_C29_20260901/runs/C29/C29_aged/current_offset_pos_50mA/seed_42/lstm_h1/DD/summary.json,0.0478838604721392,0.061963345713587,0.1149982452392578,-0.0377013985117402,-0.0015118758582110398,-0.008282024673090763,-0.0169511318206787
